origin_date,target,target_end_date,horizon,location,output_type,output_type_id,value
2025-06-18,ILI incidence,2025-06-15,1,DK,quantile,0.01,88.86106269721122
2025-06-18,ILI incidence,2025-06-22,2,DK,quantile,0.01,77.62526720434195
2025-06-18,ILI incidence,2025-06-29,3,DK,quantile,0.01,89.78433022994
2025-06-18,ILI incidence,2025-07-06,4,DK,quantile,0.01,79.55146645283297
2025-06-18,ILI incidence,2025-06-15,1,DK,quantile,0.025,89.58479773978843
2025-06-18,ILI incidence,2025-06-22,2,DK,quantile,0.025,78.44775738814539
2025-06-18,ILI incidence,2025-06-29,3,DK,quantile,0.025,90.6680523222675
2025-06-18,ILI incidence,2025-07-06,4,DK,quantile,0.025,80.49119003790189
2025-06-18,ILI incidence,2025-06-15,1,DK,quantile,0.05,90.76799455446904
2025-06-18,ILI incidence,2025-06-22,2,DK,quantile,0.05,79.79240385174188
2025-06-18,ILI incidence,2025-06-29,3,DK,quantile,0.05,92.11280365140216
2025-06-18,ILI incidence,2025-07-06,4,DK,quantile,0.05,82.0274952975925
2025-06-18,ILI incidence,2025-06-15,1,DK,quantile,0.1,93.05839005115084
2025-06-18,ILI incidence,2025-06-22,2,DK,quantile,0.1,82.39532854409906
2025-06-18,ILI incidence,2025-06-29,3,DK,quantile,0.1,94.90950822076694
2025-06-18,ILI incidence,2025-07-06,4,DK,quantile,0.1,85.00142711068126
2025-06-18,ILI incidence,2025-06-15,1,DK,quantile,0.15,95.26382282922428
2025-06-18,ILI incidence,2025-06-22,2,DK,quantile,0.15,84.90169717942769
2025-06-18,ILI incidence,2025-06-29,3,DK,quantile,0.15,97.60246842646092
2025-06-18,ILI incidence,2025-07-06,4,DK,quantile,0.15,87.86504027698523
2025-06-18,ILI incidence,2025-06-15,1,DK,quantile,0.2,97.40067454865329
2025-06-18,ILI incidence,2025-06-22,2,DK,quantile,0.2,87.3301267290254
2025-06-18,ILI incidence,2025-06-29,3,DK,quantile,0.2,100.21168721703222
2025-06-18,ILI incidence,2025-07-06,4,DK,quantile,0.2,90.63960533243956
2025-06-18,ILI incidence,2025-06-15,1,DK,quantile,0.25,99.48255706967213
2025-06-18,ILI incidence,2025-06-22,2,DK,quantile,0.25,89.69608641956683
2025-06-18,ILI incidence,2025-06-29,3,DK,quantile,0.25,102.7537854563316
2025-06-18,ILI incidence,2025-07-06,4,DK,quantile,0.25,93.34279640548397
2025-06-18,ILI incidence,2025-06-15,1,DK,quantile,0.3,101.52107790385624
2025-06-18,ILI incidence,2025-06-22,2,DK,quantile,0.3,92.01276763155384
2025-06-18,ILI incidence,2025-06-29,3,DK,quantile,0.3,105.24293658327346
2025-06-18,ILI incidence,2025-07-06,4,DK,quantile,0.3,95.98968510623776
2025-06-18,ILI incidence,2025-06-15,1,DK,quantile,0.35,103.5263920754865
2025-06-18,ILI incidence,2025-06-22,2,DK,quantile,0.35,94.2917110633027
2025-06-18,ILI incidence,2025-06-29,3,DK,quantile,0.35,107.69154046628633
2025-06-18,ILI incidence,2025-07-06,4,DK,quantile,0.35,98.59345708312506
2025-06-18,ILI incidence,2025-06-15,1,DK,quantile,0.4,105.50761583505466
2025-06-18,ILI incidence,2025-06-22,2,DK,quantile,0.4,96.54327689651178
2025-06-18,ILI incidence,2025-06-29,3,DK,quantile,0.4,110.1107285712864
2025-06-18,ILI incidence,2025-07-06,4,DK,quantile,0.4,101.1659492033563
2025-06-18,ILI incidence,2025-06-15,1,DK,quantile,0.45,107.47315047431076
2025-06-18,ILI incidence,2025-06-22,2,DK,quantile,0.45,98.77701279654084
2025-06-18,ILI incidence,2025-06-29,3,DK,quantile,0.45,112.5107593584653
2025-06-18,ILI incidence,2025-07-06,4,DK,quantile,0.45,103.7180700060212
2025-06-18,ILI incidence,2025-06-15,1,DK,quantile,0.5,109.4309487134836
2025-06-18,ILI incidence,2025-06-22,2,DK,quantile,0.5,101.00195664871798
2025-06-18,ILI incidence,2025-06-29,3,DK,quantile,0.5,114.90134355640028
2025-06-18,ILI incidence,2025-07-06,4,DK,quantile,0.5,106.26014558882792
2025-06-18,ILI incidence,2025-06-15,1,DK,quantile,0.55,111.38874695265643
2025-06-18,ILI incidence,2025-06-22,2,DK,quantile,0.55,103.22690050089513
2025-06-18,ILI incidence,2025-06-29,3,DK,quantile,0.55,117.29192775433528
2025-06-18,ILI incidence,2025-07-06,4,DK,quantile,0.55,108.80222117163466
2025-06-18,ILI incidence,2025-06-15,1,DK,quantile,0.6,113.35428159191254
2025-06-18,ILI incidence,2025-06-22,2,DK,quantile,0.6,105.46063640092416
2025-06-18,ILI incidence,2025-06-29,3,DK,quantile,0.6,119.69195854151418
2025-06-18,ILI incidence,2025-07-06,4,DK,quantile,0.6,111.35434197429954
2025-06-18,ILI incidence,2025-06-15,1,DK,quantile,0.65,115.3355053514807
2025-06-18,ILI incidence,2025-06-22,2,DK,quantile,0.65,107.71220223413326
2025-06-18,ILI incidence,2025-06-29,3,DK,quantile,0.65,122.11114664651426
2025-06-18,ILI incidence,2025-07-06,4,DK,quantile,0.65,113.9268340945308
2025-06-18,ILI incidence,2025-06-15,1,DK,quantile,0.7,117.34081952311097
2025-06-18,ILI incidence,2025-06-22,2,DK,quantile,0.7,109.99114566588212
2025-06-18,ILI incidence,2025-06-29,3,DK,quantile,0.7,124.55975052952712
2025-06-18,ILI incidence,2025-07-06,4,DK,quantile,0.7,116.53060607141808
2025-06-18,ILI incidence,2025-06-15,1,DK,quantile,0.75,119.37934035729508
2025-06-18,ILI incidence,2025-06-22,2,DK,quantile,0.75,112.30782687786912
2025-06-18,ILI incidence,2025-06-29,3,DK,quantile,0.75,127.04890165646896
2025-06-18,ILI incidence,2025-07-06,4,DK,quantile,0.75,119.17749477217188
2025-06-18,ILI incidence,2025-06-15,1,DK,quantile,0.8,121.46122287831392
2025-06-18,ILI incidence,2025-06-22,2,DK,quantile,0.8,114.67378656841056
2025-06-18,ILI incidence,2025-06-29,3,DK,quantile,0.8,129.59099989576836
2025-06-18,ILI incidence,2025-07-06,4,DK,quantile,0.8,121.88068584521628
2025-06-18,ILI incidence,2025-06-15,1,DK,quantile,0.85,123.59807459774292
2025-06-18,ILI incidence,2025-06-22,2,DK,quantile,0.85,117.10221611800829
2025-06-18,ILI incidence,2025-06-29,3,DK,quantile,0.85,132.20021868633967
2025-06-18,ILI incidence,2025-07-06,4,DK,quantile,0.85,124.65525090067062
2025-06-18,ILI incidence,2025-06-15,1,DK,quantile,0.9,125.80350737581637
2025-06-18,ILI incidence,2025-06-22,2,DK,quantile,0.9,119.6085847533369
2025-06-18,ILI incidence,2025-06-29,3,DK,quantile,0.9,134.89317889203363
2025-06-18,ILI incidence,2025-07-06,4,DK,quantile,0.9,127.5188640669746
2025-06-18,ILI incidence,2025-06-15,1,DK,quantile,0.95,128.09390287249818
2025-06-18,ILI incidence,2025-06-22,2,DK,quantile,0.95,122.21150944569408
2025-06-18,ILI incidence,2025-06-29,3,DK,quantile,0.95,137.68988346139844
2025-06-18,ILI incidence,2025-07-06,4,DK,quantile,0.95,130.49279588006334
2025-06-18,ILI incidence,2025-06-15,1,DK,quantile,0.975,129.27709968717878
2025-06-18,ILI incidence,2025-06-22,2,DK,quantile,0.975,123.55615590929057
2025-06-18,ILI incidence,2025-06-29,3,DK,quantile,0.975,139.13463479053308
2025-06-18,ILI incidence,2025-07-06,4,DK,quantile,0.975,132.02910113975395
2025-06-18,ILI incidence,2025-06-15,1,DK,quantile,0.99,130.00083472975598
2025-06-18,ILI incidence,2025-06-22,2,DK,quantile,0.99,124.378646093094
2025-06-18,ILI incidence,2025-06-29,3,DK,quantile,0.99,140.0183568828606
2025-06-18,ILI incidence,2025-07-06,4,DK,quantile,0.99,132.96882472482287
2025-06-18,ILI incidence,2025-06-15,1,DK,median,,109.4309487134836
2025-06-18,ILI incidence,2025-06-22,2,DK,median,,101.00195664871798
2025-06-18,ILI incidence,2025-06-29,3,DK,median,,114.90134355640028
2025-06-18,ILI incidence,2025-07-06,4,DK,median,,106.26014558882792
2025-06-18,ILI incidence,2025-06-15,1,EE,quantile,0.01,116.24704737888186
2025-06-18,ILI incidence,2025-06-22,2,EE,quantile,0.01,119.2927640952746
2025-06-18,ILI incidence,2025-06-29,3,EE,quantile,0.01,123.10485846576194
2025-06-18,ILI incidence,2025-07-06,4,EE,quantile,0.01,127.05240262010312
2025-06-18,ILI incidence,2025-06-15,1,EE,quantile,0.025,117.86078251422104
2025-06-18,ILI incidence,2025-06-22,2,EE,quantile,0.025,121.11474586508182
2025-06-18,ILI incidence,2025-06-29,3,EE,quantile,0.025,125.06798217549697
2025-06-18,ILI incidence,2025-07-06,4,EE,quantile,0.025,129.11756371360642
2025-06-18,ILI incidence,2025-06-15,1,EE,quantile,0.05,120.4989942347317
2025-06-18,ILI incidence,2025-06-22,2,EE,quantile,0.05,124.0934091874565
2025-06-18,ILI incidence,2025-06-29,3,EE,quantile,0.05,128.27739112149897
2025-06-18,ILI incidence,2025-07-06,4,EE,quantile,0.05,132.49378827630568
2025-06-18,ILI incidence,2025-06-15,1,EE,quantile,0.1,125.60596221248268
2025-06-18,ILI incidence,2025-06-22,2,EE,quantile,0.1,129.85941275934738
2025-06-18,ILI incidence,2025-06-29,3,EE,quantile,0.1,134.49006487596444
2025-06-18,ILI incidence,2025-07-06,4,EE,quantile,0.1,139.02937849954367
2025-06-18,ILI incidence,2025-06-15,1,EE,quantile,0.15,130.52348610345285
2025-06-18,ILI incidence,2025-06-22,2,EE,quantile,0.15,135.41152517589703
2025-06-18,ILI incidence,2025-06-29,3,EE,quantile,0.15,140.47227814761325
2025-06-18,ILI incidence,2025-07-06,4,EE,quantile,0.15,145.3225295833924
2025-06-18,ILI incidence,2025-06-15,1,EE,quantile,0.2,135.28809261797656
2025-06-18,ILI incidence,2025-06-22,2,EE,quantile,0.2,140.79098678620795
2025-06-18,ILI incidence,2025-06-29,3,EE,quantile,0.2,146.2684660172252
2025-06-18,ILI incidence,2025-07-06,4,EE,quantile,0.2,151.41998621314997
2025-06-18,ILI incidence,2025-06-15,1,EE,quantile,0.25,139.93013255548337
2025-06-18,ILI incidence,2025-06-22,2,EE,quantile,0.25,146.03206504969685
2025-06-18,ILI incidence,2025-06-29,3,EE,quantile,0.25,151.91555051287332
2025-06-18,ILI incidence,2025-07-06,4,EE,quantile,0.25,157.36058951507442
2025-06-18,ILI incidence,2025-06-15,1,EE,quantile,0.3,144.4754875551936
2025-06-18,ILI incidence,2025-06-22,2,EE,quantile,0.3,151.16398153674385
2025-06-18,ILI incidence,2025-06-29,3,EE,quantile,0.3,157.4450168879228
2025-06-18,ILI incidence,2025-07-06,4,EE,quantile,0.3,163.17746125319226
2025-06-18,ILI incidence,2025-06-15,1,EE,quantile,0.35,148.94680059902493
2025-06-18,ILI incidence,2025-06-22,2,EE,quantile,0.35,156.2123012235118
2025-06-18,ILI incidence,2025-06-29,3,EE,quantile,0.35,162.88441053919124
2025-06-18,ILI incidence,2025-07-06,4,EE,quantile,0.35,168.89957855285266
2025-06-18,ILI incidence,2025-06-15,1,EE,quantile,0.4,153.3643984818065
2025-06-18,ILI incidence,2025-06-22,2,EE,quantile,0.4,161.19997400357755
2025-06-18,ILI incidence,2025-06-29,3,EE,quantile,0.4,168.25845920049215
2025-06-18,ILI incidence,2025-07-06,4,EE,quantile,0.4,174.55295442258327
2025-06-18,ILI incidence,2025-06-15,1,EE,quantile,0.45,157.74701383203026
2025-06-18,ILI incidence,2025-06-22,2,EE,quantile,0.45,166.14814988282845
2025-06-18,ILI incidence,2025-06-29,3,EE,quantile,0.45,173.58995128755305
2025-06-18,ILI incidence,2025-07-06,4,EE,quantile,0.45,180.1615617527881
2025-06-18,ILI incidence,2025-06-15,1,EE,quantile,0.5,162.11237908394332
2025-06-18,ILI incidence,2025-06-22,2,EE,quantile,0.5,171.07684960148694
2025-06-18,ILI incidence,2025-06-29,3,EE,quantile,0.5,178.90045847055666
2025-06-18,ILI incidence,2025-07-06,4,EE,quantile,0.5,185.7480934454795
2025-06-18,ILI incidence,2025-06-15,1,EE,quantile,0.55,166.4777443358564
2025-06-18,ILI incidence,2025-06-22,2,EE,quantile,0.55,176.00554932014543
2025-06-18,ILI incidence,2025-06-29,3,EE,quantile,0.55,184.2109656535603
2025-06-18,ILI incidence,2025-07-06,4,EE,quantile,0.55,191.3346251381709
2025-06-18,ILI incidence,2025-06-15,1,EE,quantile,0.6,170.86035968608016
2025-06-18,ILI incidence,2025-06-22,2,EE,quantile,0.6,180.9537251993964
2025-06-18,ILI incidence,2025-06-29,3,EE,quantile,0.6,189.5424577406212
2025-06-18,ILI incidence,2025-07-06,4,EE,quantile,0.6,196.94323246837573
2025-06-18,ILI incidence,2025-06-15,1,EE,quantile,0.65,175.27795756886172
2025-06-18,ILI incidence,2025-06-22,2,EE,quantile,0.65,185.9413979794621
2025-06-18,ILI incidence,2025-06-29,3,EE,quantile,0.65,194.91650640192208
2025-06-18,ILI incidence,2025-07-06,4,EE,quantile,0.65,202.5966083381064
2025-06-18,ILI incidence,2025-06-15,1,EE,quantile,0.7,179.74927061269304
2025-06-18,ILI incidence,2025-06-22,2,EE,quantile,0.7,190.98971766623004
2025-06-18,ILI incidence,2025-06-29,3,EE,quantile,0.7,200.3559000531905
2025-06-18,ILI incidence,2025-07-06,4,EE,quantile,0.7,208.3187256377668
2025-06-18,ILI incidence,2025-06-15,1,EE,quantile,0.75,184.29462561240328
2025-06-18,ILI incidence,2025-06-22,2,EE,quantile,0.75,196.12163415327703
2025-06-18,ILI incidence,2025-06-29,3,EE,quantile,0.75,205.88536642824
2025-06-18,ILI incidence,2025-07-06,4,EE,quantile,0.75,214.13559737588457
2025-06-18,ILI incidence,2025-06-15,1,EE,quantile,0.8,188.9366655499101
2025-06-18,ILI incidence,2025-06-22,2,EE,quantile,0.8,201.362712416766
2025-06-18,ILI incidence,2025-06-29,3,EE,quantile,0.8,211.5324509238881
2025-06-18,ILI incidence,2025-07-06,4,EE,quantile,0.8,220.07620067780903
2025-06-18,ILI incidence,2025-06-15,1,EE,quantile,0.85,193.7012720644338
2025-06-18,ILI incidence,2025-06-22,2,EE,quantile,0.85,206.74217402707683
2025-06-18,ILI incidence,2025-06-29,3,EE,quantile,0.85,217.3286387935001
2025-06-18,ILI incidence,2025-07-06,4,EE,quantile,0.85,226.1736573075666
2025-06-18,ILI incidence,2025-06-15,1,EE,quantile,0.9,198.618795955404
2025-06-18,ILI incidence,2025-06-22,2,EE,quantile,0.9,212.2942864436265
2025-06-18,ILI incidence,2025-06-29,3,EE,quantile,0.9,223.31085206514888
2025-06-18,ILI incidence,2025-07-06,4,EE,quantile,0.9,232.46680839141533
2025-06-18,ILI incidence,2025-06-15,1,EE,quantile,0.95,203.72576393315487
2025-06-18,ILI incidence,2025-06-22,2,EE,quantile,0.95,218.06029001551732
2025-06-18,ILI incidence,2025-06-29,3,EE,quantile,0.95,229.52352581961435
2025-06-18,ILI incidence,2025-07-06,4,EE,quantile,0.95,239.0023986146533
2025-06-18,ILI incidence,2025-06-15,1,EE,quantile,0.975,206.3639756536656
2025-06-18,ILI incidence,2025-06-22,2,EE,quantile,0.975,221.03895333789205
2025-06-18,ILI incidence,2025-06-29,3,EE,quantile,0.975,232.7329347656164
2025-06-18,ILI incidence,2025-07-06,4,EE,quantile,0.975,242.37862317735252
2025-06-18,ILI incidence,2025-06-15,1,EE,quantile,0.99,207.9777107890048
2025-06-18,ILI incidence,2025-06-22,2,EE,quantile,0.99,222.86093510769928
2025-06-18,ILI incidence,2025-06-29,3,EE,quantile,0.99,234.69605847535132
2025-06-18,ILI incidence,2025-07-06,4,EE,quantile,0.99,244.44378427085587
2025-06-18,ILI incidence,2025-06-15,1,EE,median,,162.11237908394332
2025-06-18,ILI incidence,2025-06-22,2,EE,median,,171.07684960148694
2025-06-18,ILI incidence,2025-06-29,3,EE,median,,178.90045847055666
2025-06-18,ILI incidence,2025-07-06,4,EE,median,,185.7480934454795
2025-06-18,ILI incidence,2025-06-15,1,GR,quantile,0.01,287.8663421876171
2025-06-18,ILI incidence,2025-06-22,2,GR,quantile,0.01,297.8483954411496
2025-06-18,ILI incidence,2025-06-29,3,GR,quantile,0.01,311.7035337492182
2025-06-18,ILI incidence,2025-07-06,4,GR,quantile,0.01,326.79625619950696
2025-06-18,ILI incidence,2025-06-15,1,GR,quantile,0.025,293.96348337807154
2025-06-18,ILI incidence,2025-06-22,2,GR,quantile,0.025,304.88549764505456
2025-06-18,ILI incidence,2025-06-29,3,GR,quantile,0.025,319.38303594631066
2025-06-18,ILI incidence,2025-07-06,4,GR,quantile,0.025,334.93347322336524
2025-06-18,ILI incidence,2025-06-15,1,GR,quantile,0.05,303.9313826931498
2025-06-18,ILI incidence,2025-06-22,2,GR,quantile,0.05,316.3900903791473
2025-06-18,ILI incidence,2025-06-29,3,GR,quantile,0.05,331.937855049136
2025-06-18,ILI incidence,2025-07-06,4,GR,quantile,0.05,348.23658651287644
2025-06-18,ILI incidence,2025-06-15,1,GR,quantile,0.1,323.2269313452107
2025-06-18,ILI incidence,2025-06-22,2,GR,quantile,0.1,338.6603222310117
2025-06-18,ILI incidence,2025-06-29,3,GR,quantile,0.1,356.24108235500745
2025-06-18,ILI incidence,2025-07-06,4,GR,quantile,0.1,373.9883383702962
2025-06-18,ILI incidence,2025-06-15,1,GR,quantile,0.15,341.80670742747105
2025-06-18,ILI incidence,2025-06-22,2,GR,quantile,0.15,360.1044349934374
2025-06-18,ILI incidence,2025-06-29,3,GR,quantile,0.15,379.6427761633429
2025-06-18,ILI incidence,2025-07-06,4,GR,quantile,0.15,398.7848233972037
2025-06-18,ILI incidence,2025-06-15,1,GR,quantile,0.2,359.80871903385787
2025-06-18,ILI incidence,2025-06-22,2,GR,quantile,0.2,380.88171267045067
2025-06-18,ILI incidence,2025-06-29,3,GR,quantile,0.2,402.31676112858656
2025-06-18,ILI incidence,2025-07-06,4,GR,quantile,0.2,422.81022657082895
2025-06-18,ILI incidence,2025-06-15,1,GR,quantile,0.25,377.3476399452864
2025-06-18,ILI incidence,2025-06-22,2,GR,quantile,0.25,401.1245076369108
2025-06-18,ILI incidence,2025-06-29,3,GR,quantile,0.25,424.4074717529058
2025-06-18,ILI incidence,2025-07-06,4,GR,quantile,0.25,446.21759099991857
2025-06-18,ILI incidence,2025-06-15,1,GR,quantile,0.3,394.5212582095664
2025-06-18,ILI incidence,2025-06-22,2,GR,quantile,0.3,420.9456833587052
2025-06-18,ILI incidence,2025-06-29,3,GR,quantile,0.3,446.0380745342621
2025-06-18,ILI incidence,2025-07-06,4,GR,quantile,0.3,469.13742417027817
2025-06-18,ILI incidence,2025-06-15,1,GR,quantile,0.35,411.4151253244012
2025-06-18,ILI incidence,2025-06-22,2,GR,quantile,0.35,440.44398031341626
2025-06-18,ILI incidence,2025-06-29,3,GR,quantile,0.35,467.3163237289626
2025-06-18,ILI incidence,2025-07-06,4,GR,quantile,0.35,491.6839027233503
2025-06-18,ILI incidence,2025-06-15,1,GR,quantile,0.4,428.1060415870074
2025-06-18,ILI incidence,2025-06-22,2,GR,quantile,0.4,459.7080386561468
2025-06-18,ILI incidence,2025-06-29,3,GR,quantile,0.4,488.33895123689103
2025-06-18,ILI incidence,2025-07-06,4,GR,quantile,0.4,513.9595239880351
2025-06-18,ILI incidence,2025-06-15,1,GR,quantile,0.45,444.6647840897855
2025-06-18,ILI incidence,2025-06-22,2,GR,quantile,0.45,478.8195467745128
2025-06-18,ILI incidence,2025-06-29,3,GR,quantile,0.45,509.1951025804513
2025-06-18,ILI incidence,2025-07-06,4,GR,quantile,0.45,536.0587467513592
2025-06-18,ILI incidence,2025-06-15,1,GR,quantile,0.5,461.158350912462
2025-06-18,ILI incidence,2025-06-22,2,GR,quantile,0.5,497.8558314549172
2025-06-18,ILI incidence,2025-06-29,3,GR,quantile,0.5,529.9691635208369
2025-06-18,ILI incidence,2025-07-06,4,GR,quantile,0.5,558.0709863471467
2025-06-18,ILI incidence,2025-06-15,1,GR,quantile,0.55,477.65191773513845
2025-06-18,ILI incidence,2025-06-22,2,GR,quantile,0.55,516.8921161353217
2025-06-18,ILI incidence,2025-06-29,3,GR,quantile,0.55,550.7432244612226
2025-06-18,ILI incidence,2025-07-06,4,GR,quantile,0.55,580.0832259429342
2025-06-18,ILI incidence,2025-06-15,1,GR,quantile,0.6,494.21066023791656
2025-06-18,ILI incidence,2025-06-22,2,GR,quantile,0.6,536.0036242536877
2025-06-18,ILI incidence,2025-06-29,3,GR,quantile,0.6,571.5993758047828
2025-06-18,ILI incidence,2025-07-06,4,GR,quantile,0.6,602.1824487062582
2025-06-18,ILI incidence,2025-06-15,1,GR,quantile,0.65,510.9015765005228
2025-06-18,ILI incidence,2025-06-22,2,GR,quantile,0.65,555.2676825964181
2025-06-18,ILI incidence,2025-06-29,3,GR,quantile,0.65,592.6220033127112
2025-06-18,ILI incidence,2025-07-06,4,GR,quantile,0.65,624.458069970943
2025-06-18,ILI incidence,2025-06-15,1,GR,quantile,0.7,527.7954436153575
2025-06-18,ILI incidence,2025-06-22,2,GR,quantile,0.7,574.7659795511292
2025-06-18,ILI incidence,2025-06-29,3,GR,quantile,0.7,613.9002525074117
2025-06-18,ILI incidence,2025-07-06,4,GR,quantile,0.7,647.0045485240151
2025-06-18,ILI incidence,2025-06-15,1,GR,quantile,0.75,544.9690618796376
2025-06-18,ILI incidence,2025-06-22,2,GR,quantile,0.75,594.5871552729236
2025-06-18,ILI incidence,2025-06-29,3,GR,quantile,0.75,635.530855288768
2025-06-18,ILI incidence,2025-07-06,4,GR,quantile,0.75,669.9243816943748
2025-06-18,ILI incidence,2025-06-15,1,GR,quantile,0.8,562.5079827910661
2025-06-18,ILI incidence,2025-06-22,2,GR,quantile,0.8,614.8299502393837
2025-06-18,ILI incidence,2025-06-29,3,GR,quantile,0.8,657.6215659130872
2025-06-18,ILI incidence,2025-07-06,4,GR,quantile,0.8,693.3317461234644
2025-06-18,ILI incidence,2025-06-15,1,GR,quantile,0.85,580.5099943974529
2025-06-18,ILI incidence,2025-06-22,2,GR,quantile,0.85,635.607227916397
2025-06-18,ILI incidence,2025-06-29,3,GR,quantile,0.85,680.2955508783309
2025-06-18,ILI incidence,2025-07-06,4,GR,quantile,0.85,717.3571492970897
2025-06-18,ILI incidence,2025-06-15,1,GR,quantile,0.9,599.0897704797133
2025-06-18,ILI incidence,2025-06-22,2,GR,quantile,0.9,657.0513406788227
2025-06-18,ILI incidence,2025-06-29,3,GR,quantile,0.9,703.6972446866664
2025-06-18,ILI incidence,2025-07-06,4,GR,quantile,0.9,742.1536343239972
2025-06-18,ILI incidence,2025-06-15,1,GR,quantile,0.95,618.3853191317742
2025-06-18,ILI incidence,2025-06-22,2,GR,quantile,0.95,679.321572530687
2025-06-18,ILI incidence,2025-06-29,3,GR,quantile,0.95,728.0004719925378
2025-06-18,ILI incidence,2025-07-06,4,GR,quantile,0.95,767.9053861814169
2025-06-18,ILI incidence,2025-06-15,1,GR,quantile,0.975,628.3532184468525
2025-06-18,ILI incidence,2025-06-22,2,GR,quantile,0.975,690.8261652647799
2025-06-18,ILI incidence,2025-06-29,3,GR,quantile,0.975,740.5552910953631
2025-06-18,ILI incidence,2025-07-06,4,GR,quantile,0.975,781.2084994709281
2025-06-18,ILI incidence,2025-06-15,1,GR,quantile,0.99,634.4503596373069
2025-06-18,ILI incidence,2025-06-22,2,GR,quantile,0.99,697.8632674686849
2025-06-18,ILI incidence,2025-06-29,3,GR,quantile,0.99,748.2347932924556
2025-06-18,ILI incidence,2025-07-06,4,GR,quantile,0.99,789.3457164947864
2025-06-18,ILI incidence,2025-06-15,1,GR,median,,461.158350912462
2025-06-18,ILI incidence,2025-06-22,2,GR,median,,497.8558314549172
2025-06-18,ILI incidence,2025-06-29,3,GR,median,,529.9691635208369
2025-06-18,ILI incidence,2025-07-06,4,GR,median,,558.0709863471467
2025-06-18,ILI incidence,2025-06-15,1,LU,quantile,0.01,427.4026294935825
2025-06-18,ILI incidence,2025-06-22,2,LU,quantile,0.01,80.18211462837053
2025-06-18,ILI incidence,2025-06-29,3,LU,quantile,0.01,571.9162015117017
2025-06-18,ILI incidence,2025-07-06,4,LU,quantile,0.01,620.5290673392501
2025-06-18,ILI incidence,2025-06-15,1,LU,quantile,0.025,497.8698142676285
2025-06-18,ILI incidence,2025-06-22,2,LU,quantile,0.025,163.7198325483714
2025-06-18,ILI incidence,2025-06-29,3,LU,quantile,0.025,660.7455398839429
2025-06-18,ILI incidence,2025-07-06,4,LU,quantile,0.025,713.9676665728889
2025-06-18,ILI incidence,2025-06-15,1,LU,quantile,0.05,613.0729530672334
2025-06-18,ILI incidence,2025-06-22,2,LU,quantile,0.05,300.2913068225166
2025-06-18,ILI incidence,2025-06-29,3,LU,quantile,0.05,805.9680094744053
2025-06-18,ILI incidence,2025-07-06,4,LU,quantile,0.05,866.7255772410931
2025-06-18,ILI incidence,2025-06-15,1,LU,quantile,0.1,836.079596625053
2025-06-18,ILI incidence,2025-06-22,2,LU,quantile,0.1,564.6621078351425
2025-06-18,ILI incidence,2025-06-29,3,LU,quantile,0.1,1087.0851374450324
2025-06-18,ILI incidence,2025-07-06,4,LU,quantile,0.1,1162.429577062479
2025-06-18,ILI incidence,2025-06-15,1,LU,quantile,0.15,1050.8137602850325
2025-06-18,ILI incidence,2025-06-22,2,LU,quantile,0.15,819.226016541505
2025-06-18,ILI incidence,2025-06-29,3,LU,quantile,0.15,1357.7741644722337
2025-06-18,ILI incidence,2025-07-06,4,LU,quantile,0.15,1447.1643727596877
2025-06-18,ILI incidence,2025-06-15,1,LU,quantile,0.2,1258.8704607199518
2025-06-18,ILI incidence,2025-06-22,2,LU,quantile,0.2,1065.873899638147
2025-06-18,ILI incidence,2025-06-29,3,LU,quantile,0.2,1620.0457324766423
2025-06-18,ILI incidence,2025-07-06,4,LU,quantile,0.2,1723.0449363461
2025-06-18,ILI incidence,2025-06-15,1,LU,quantile,0.25,1461.575030287398
2025-06-18,ILI incidence,2025-06-22,2,LU,quantile,0.25,1306.1769173891455
2025-06-18,ILI incidence,2025-06-29,3,LU,quantile,0.25,1875.5705254344289
2025-06-18,ILI incidence,2025-07-06,4,LU,quantile,0.25,1991.828641830754
2025-06-18,ILI incidence,2025-06-15,1,LU,quantile,0.3,1660.0576459372685
2025-06-18,ILI incidence,2025-06-22,2,LU,quantile,0.3,1541.4748764512149
2025-06-18,ILI incidence,2025-06-29,3,LU,quantile,0.3,2125.7732188314203
2025-06-18,ILI incidence,2025-07-06,4,LU,quantile,0.3,2255.014089610744
2025-06-18,ILI incidence,2025-06-15,1,LU,quantile,0.35,1855.3070617443043
2025-06-18,ILI incidence,2025-06-22,2,LU,quantile,0.35,1772.939928929664
2025-06-18,ILI incidence,2025-06-29,3,LU,quantile,0.35,2371.900213677589
2025-06-18,ILI incidence,2025-07-06,4,LU,quantile,0.35,2513.9123551324174
2025-06-18,ILI incidence,2025-06-15,1,LU,quantile,0.4,2048.2108905364903
2025-06-18,ILI incidence,2025-06-22,2,LU,quantile,0.4,2001.6243256031207
2025-06-18,ILI incidence,2025-06-29,3,LU,quantile,0.4,2615.070414616185
2025-06-18,ILI incidence,2025-07-06,4,LU,quantile,0.4,2769.700401823141
2025-06-18,ILI incidence,2025-06-15,1,LU,quantile,0.45,2239.587132470318
2025-06-18,ILI incidence,2025-06-22,2,LU,quantile,0.45,2228.4977925440926
2025-06-18,ILI incidence,2025-06-29,3,LU,quantile,0.45,2856.314974132193
2025-06-18,ILI incidence,2025-07-06,4,LU,quantile,0.45,3023.4628875848966
2025-06-18,ILI incidence,2025-06-15,1,LU,quantile,0.5,2430.21011208841
2025-06-18,ILI incidence,2025-06-22,2,LU,quantile,0.5,2454.478279084989
2025-06-18,ILI incidence,2025-06-29,3,LU,quantile,0.5,3096.609988220182
2025-06-18,ILI incidence,2025-07-06,4,LU,quantile,0.5,3276.226557005918
2025-06-18,ILI incidence,2025-06-15,1,LU,quantile,0.55,2620.833091706502
2025-06-18,ILI incidence,2025-06-22,2,LU,quantile,0.55,2680.4587656258864
2025-06-18,ILI incidence,2025-06-29,3,LU,quantile,0.55,3336.905002308171
2025-06-18,ILI incidence,2025-07-06,4,LU,quantile,0.55,3528.9902264269394
2025-06-18,ILI incidence,2025-06-15,1,LU,quantile,0.6,2812.209333640329
2025-06-18,ILI incidence,2025-06-22,2,LU,quantile,0.6,2907.3322325668582
2025-06-18,ILI incidence,2025-06-29,3,LU,quantile,0.6,3578.149561824179
2025-06-18,ILI incidence,2025-07-06,4,LU,quantile,0.6,3782.752712188695
2025-06-18,ILI incidence,2025-06-15,1,LU,quantile,0.65,3005.113162432516
2025-06-18,ILI incidence,2025-06-22,2,LU,quantile,0.65,3136.016629240315
2025-06-18,ILI incidence,2025-06-29,3,LU,quantile,0.65,3821.319762762775
2025-06-18,ILI incidence,2025-07-06,4,LU,quantile,0.65,4038.540758879418
2025-06-18,ILI incidence,2025-06-15,1,LU,quantile,0.7,3200.362578239552
2025-06-18,ILI incidence,2025-06-22,2,LU,quantile,0.7,3367.481681718764
2025-06-18,ILI incidence,2025-06-29,3,LU,quantile,0.7,4067.446757608944
2025-06-18,ILI incidence,2025-07-06,4,LU,quantile,0.7,4297.439024401092
2025-06-18,ILI incidence,2025-06-15,1,LU,quantile,0.75,3398.845193889422
2025-06-18,ILI incidence,2025-06-22,2,LU,quantile,0.75,3602.7796407808337
2025-06-18,ILI incidence,2025-06-29,3,LU,quantile,0.75,4317.649451005936
2025-06-18,ILI incidence,2025-07-06,4,LU,quantile,0.75,4560.624472181082
2025-06-18,ILI incidence,2025-06-15,1,LU,quantile,0.8,3601.5497634568683
2025-06-18,ILI incidence,2025-06-22,2,LU,quantile,0.8,3843.082658531832
2025-06-18,ILI incidence,2025-06-29,3,LU,quantile,0.8,4573.174243963722
2025-06-18,ILI incidence,2025-07-06,4,LU,quantile,0.8,4829.408177665736
2025-06-18,ILI incidence,2025-06-15,1,LU,quantile,0.85,3809.6064638917874
2025-06-18,ILI incidence,2025-06-22,2,LU,quantile,0.85,4089.730541628474
2025-06-18,ILI incidence,2025-06-29,3,LU,quantile,0.85,4835.44581196813
2025-06-18,ILI incidence,2025-07-06,4,LU,quantile,0.85,5105.288741252149
2025-06-18,ILI incidence,2025-06-15,1,LU,quantile,0.9,4024.340627551767
2025-06-18,ILI incidence,2025-06-22,2,LU,quantile,0.9,4344.294450334836
2025-06-18,ILI incidence,2025-06-29,3,LU,quantile,0.9,5106.134838995332
2025-06-18,ILI incidence,2025-07-06,4,LU,quantile,0.9,5390.023536949357
2025-06-18,ILI incidence,2025-06-15,1,LU,quantile,0.95,4247.3472711095865
2025-06-18,ILI incidence,2025-06-22,2,LU,quantile,0.95,4608.665251347462
2025-06-18,ILI incidence,2025-06-29,3,LU,quantile,0.95,5387.251966965959
2025-06-18,ILI incidence,2025-07-06,4,LU,quantile,0.95,5685.727536770743
2025-06-18,ILI incidence,2025-06-15,1,LU,quantile,0.975,4362.550409909191
2025-06-18,ILI incidence,2025-06-22,2,LU,quantile,0.975,4745.236725621608
2025-06-18,ILI incidence,2025-06-29,3,LU,quantile,0.975,5532.474436556421
2025-06-18,ILI incidence,2025-07-06,4,LU,quantile,0.975,5838.485447438947
2025-06-18,ILI incidence,2025-06-15,1,LU,quantile,0.99,4433.017594683237
2025-06-18,ILI incidence,2025-06-22,2,LU,quantile,0.99,4828.774443541608
2025-06-18,ILI incidence,2025-06-29,3,LU,quantile,0.99,5621.303774928662
2025-06-18,ILI incidence,2025-07-06,4,LU,quantile,0.99,5931.924046672586
2025-06-18,ILI incidence,2025-06-15,1,LU,median,,2430.21011208841
2025-06-18,ILI incidence,2025-06-22,2,LU,median,,2454.478279084989
2025-06-18,ILI incidence,2025-06-29,3,LU,median,,3096.609988220182
2025-06-18,ILI incidence,2025-07-06,4,LU,median,,3276.226557005918
2025-06-18,ILI incidence,2025-06-15,1,MT,quantile,0.01,2293.1554747625187
2025-06-18,ILI incidence,2025-06-22,2,MT,quantile,0.01,2465.843091029244
2025-06-18,ILI incidence,2025-06-29,3,MT,quantile,0.01,2644.9907371253257
2025-06-18,ILI incidence,2025-07-06,4,MT,quantile,0.01,2816.0689356131834
2025-06-18,ILI incidence,2025-06-15,1,MT,quantile,0.025,2329.847475168202
2025-06-18,ILI incidence,2025-06-22,2,MT,quantile,0.025,2508.049990189881
2025-06-18,ILI incidence,2025-06-29,3,MT,quantile,0.025,2690.8263881389794
2025-06-18,ILI incidence,2025-07-06,4,MT,quantile,0.025,2864.395812855237
2025-06-18,ILI incidence,2025-06-15,1,MT,quantile,0.05,2389.833320056502
2025-06-18,ILI incidence,2025-06-22,2,MT,quantile,0.05,2577.0518564897066
2025-06-18,ILI incidence,2025-06-29,3,MT,quantile,0.05,2765.76071228756
2025-06-18,ILI incidence,2025-07-06,4,MT,quantile,0.05,2943.4029133165336
2025-06-18,ILI incidence,2025-06-15,1,MT,quantile,0.1,2505.952047974058
2025-06-18,ILI incidence,2025-06-22,2,MT,quantile,0.1,2710.6235174972835
2025-06-18,ILI incidence,2025-06-29,3,MT,quantile,0.1,2910.816240199146
2025-06-18,ILI incidence,2025-07-06,4,MT,quantile,0.1,3096.3423946075554
2025-06-18,ILI incidence,2025-06-15,1,MT,quantile,0.15,2617.763326449142
2025-06-18,ILI incidence,2025-06-22,2,MT,quantile,0.15,2839.240308717226
2025-06-18,ILI incidence,2025-06-29,3,MT,quantile,0.15,3050.4909017850696
2025-06-18,ILI incidence,2025-07-06,4,MT,quantile,0.15,3243.608552609273
2025-06-18,ILI incidence,2025-06-15,1,MT,quantile,0.2,2726.097674716946
2025-06-18,ILI incidence,2025-06-22,2,MT,quantile,0.2,2963.8575784876784
2025-06-18,ILI incidence,2025-06-29,3,MT,quantile,0.2,3185.822181766893
2025-06-18,ILI incidence,2025-07-06,4,MT,quantile,0.2,3386.2952606641743
2025-06-18,ILI incidence,2025-06-15,1,MT,quantile,0.25,2831.6451883951427
2025-06-18,ILI incidence,2025-06-22,2,MT,quantile,0.25,3085.269145510925
2025-06-18,ILI incidence,2025-06-29,3,MT,quantile,0.25,3317.672147667453
2025-06-18,ILI incidence,2025-07-06,4,MT,quantile,0.25,3525.3114407670205
2025-06-18,ILI incidence,2025-06-15,1,MT,quantile,0.3,2934.9943464081707
2025-06-18,ILI incidence,2025-06-22,2,MT,quantile,0.3,3204.151938554747
2025-06-18,ILI incidence,2025-06-29,3,MT,quantile,0.3,3446.775927425026
2025-06-18,ILI incidence,2025-07-06,4,MT,quantile,0.3,3661.4321759993136
2025-06-18,ILI incidence,2025-06-15,1,MT,quantile,0.35,3036.659989316611
2025-06-18,ILI incidence,2025-06-22,2,MT,quantile,0.35,3321.098179994155
2025-06-18,ILI incidence,2025-06-29,3,MT,quantile,0.35,3573.7766599255147
2025-06-18,ILI incidence,2025-07-06,4,MT,quantile,0.35,3795.335560667587
2025-06-18,ILI incidence,2025-06-15,1,MT,quantile,0.4,3137.1042938109163
2025-06-18,ILI incidence,2025-06-22,2,MT,quantile,0.4,3436.639512823609
2025-06-18,ILI incidence,2025-06-29,3,MT,quantile,0.4,3699.251696342364
2025-06-18,ILI incidence,2025-07-06,4,MT,quantile,0.4,3927.630325719641
2025-06-18,ILI incidence,2025-06-15,1,MT,quantile,0.45,3236.753189523016
2025-06-18,ILI incidence,2025-06-22,2,MT,quantile,0.45,3551.265884956157
2025-06-18,ILI incidence,2025-06-29,3,MT,quantile,0.45,3823.733108019453
2025-06-18,ILI incidence,2025-07-06,4,MT,quantile,0.45,4058.8774612570896
2025-06-18,ILI incidence,2025-06-15,1,MT,quantile,0.5,3336.009864355522
2025-06-18,ILI incidence,2025-06-22,2,MT,quantile,0.5,3665.441084437156
2025-06-18,ILI incidence,2025-06-29,3,MT,quantile,0.5,3947.724557329853
2025-06-18,ILI incidence,2025-07-06,4,MT,quantile,0.5,4189.608004346857
2025-06-18,ILI incidence,2025-06-15,1,MT,quantile,0.55,3435.266539188028
2025-06-18,ILI incidence,2025-06-22,2,MT,quantile,0.55,3779.616283918154
2025-06-18,ILI incidence,2025-06-29,3,MT,quantile,0.55,4071.7160066402535
2025-06-18,ILI incidence,2025-07-06,4,MT,quantile,0.55,4320.338547436625
2025-06-18,ILI incidence,2025-06-15,1,MT,quantile,0.6,3534.915434900128
2025-06-18,ILI incidence,2025-06-22,2,MT,quantile,0.6,3894.242656050702
2025-06-18,ILI incidence,2025-06-29,3,MT,quantile,0.6,4196.197418317342
2025-06-18,ILI incidence,2025-07-06,4,MT,quantile,0.6,4451.585682974073
2025-06-18,ILI incidence,2025-06-15,1,MT,quantile,0.65,3635.359739394433
2025-06-18,ILI incidence,2025-06-22,2,MT,quantile,0.65,4009.783988880156
2025-06-18,ILI incidence,2025-06-29,3,MT,quantile,0.65,4321.672454734192
2025-06-18,ILI incidence,2025-07-06,4,MT,quantile,0.65,4583.880448026128
2025-06-18,ILI incidence,2025-06-15,1,MT,quantile,0.7,3737.025382302874
2025-06-18,ILI incidence,2025-06-22,2,MT,quantile,0.7,4126.730230319564
2025-06-18,ILI incidence,2025-06-29,3,MT,quantile,0.7,4448.673187234681
2025-06-18,ILI incidence,2025-07-06,4,MT,quantile,0.7,4717.783832694401
2025-06-18,ILI incidence,2025-06-15,1,MT,quantile,0.75,3840.374540315901
2025-06-18,ILI incidence,2025-06-22,2,MT,quantile,0.75,4245.613023363386
2025-06-18,ILI incidence,2025-06-29,3,MT,quantile,0.75,4577.776966992254
2025-06-18,ILI incidence,2025-07-06,4,MT,quantile,0.75,4853.904567926695
2025-06-18,ILI incidence,2025-06-15,1,MT,quantile,0.8,3945.922053994098
2025-06-18,ILI incidence,2025-06-22,2,MT,quantile,0.8,4367.024590386633
2025-06-18,ILI incidence,2025-06-29,3,MT,quantile,0.8,4709.626932892814
2025-06-18,ILI incidence,2025-07-06,4,MT,quantile,0.8,4992.920748029541
2025-06-18,ILI incidence,2025-06-15,1,MT,quantile,0.85,4054.256402261902
2025-06-18,ILI incidence,2025-06-22,2,MT,quantile,0.85,4491.641860157085
2025-06-18,ILI incidence,2025-06-29,3,MT,quantile,0.85,4844.958212874637
2025-06-18,ILI incidence,2025-07-06,4,MT,quantile,0.85,5135.607456084442
2025-06-18,ILI incidence,2025-06-15,1,MT,quantile,0.9,4166.0676807369855
2025-06-18,ILI incidence,2025-06-22,2,MT,quantile,0.9,4620.258651377028
2025-06-18,ILI incidence,2025-06-29,3,MT,quantile,0.9,4984.632874460561
2025-06-18,ILI incidence,2025-07-06,4,MT,quantile,0.9,5282.873614086159
2025-06-18,ILI incidence,2025-06-15,1,MT,quantile,0.95,4282.186408654542
2025-06-18,ILI incidence,2025-06-22,2,MT,quantile,0.95,4753.830312384604
2025-06-18,ILI incidence,2025-06-29,3,MT,quantile,0.95,5129.688402372147
2025-06-18,ILI incidence,2025-07-06,4,MT,quantile,0.95,5435.8130953771815
2025-06-18,ILI incidence,2025-06-15,1,MT,quantile,0.975,4342.172253542843
2025-06-18,ILI incidence,2025-06-22,2,MT,quantile,0.975,4822.83217868443
2025-06-18,ILI incidence,2025-06-29,3,MT,quantile,0.975,5204.622726520727
2025-06-18,ILI incidence,2025-07-06,4,MT,quantile,0.975,5514.820195838478
2025-06-18,ILI incidence,2025-06-15,1,MT,quantile,0.99,4378.864253948525
2025-06-18,ILI incidence,2025-06-22,2,MT,quantile,0.99,4865.039077845067
2025-06-18,ILI incidence,2025-06-29,3,MT,quantile,0.99,5250.458377534381
2025-06-18,ILI incidence,2025-07-06,4,MT,quantile,0.99,5563.147073080531
2025-06-18,ILI incidence,2025-06-15,1,MT,median,,3336.009864355522
2025-06-18,ILI incidence,2025-06-22,2,MT,median,,3665.441084437156
2025-06-18,ILI incidence,2025-06-29,3,MT,median,,3947.724557329853
2025-06-18,ILI incidence,2025-07-06,4,MT,median,,4189.608004346857
2025-06-18,ILI incidence,2025-06-15,1,NL,quantile,0.01,7.806437379397439
2025-06-18,ILI incidence,2025-06-22,2,NL,quantile,0.01,7.27134301685528
2025-06-18,ILI incidence,2025-06-29,3,NL,quantile,0.01,7.046782928687257
2025-06-18,ILI incidence,2025-07-06,4,NL,quantile,0.01,6.998382820714891
2025-06-18,ILI incidence,2025-06-15,1,NL,quantile,0.025,8.099603315632654
2025-06-18,ILI incidence,2025-06-22,2,NL,quantile,0.025,7.614099957693872
2025-06-18,ILI incidence,2025-06-29,3,NL,quantile,0.025,7.425237435791342
2025-06-18,ILI incidence,2025-07-06,4,NL,quantile,0.025,7.4036555596188816
2025-06-18,ILI incidence,2025-06-15,1,NL,quantile,0.05,8.57888507141327
2025-06-18,ILI incidence,2025-06-22,2,NL,quantile,0.05,8.174455470072731
2025-06-18,ILI incidence,2025-06-29,3,NL,quantile,0.05,8.043953044355087
2025-06-18,ILI incidence,2025-07-06,4,NL,quantile,0.05,8.066214901834131
2025-06-18,ILI incidence,2025-06-15,1,NL,quantile,0.1,9.506663748182271
2025-06-18,ILI incidence,2025-06-22,2,NL,quantile,0.1,9.259174196635414
2025-06-18,ILI incidence,2025-06-29,3,NL,quantile,0.1,9.241643425193113
2025-06-18,ILI incidence,2025-07-06,4,NL,quantile,0.1,9.348776615038132
2025-06-18,ILI incidence,2025-06-15,1,NL,quantile,0.15,10.400026273348036
2025-06-18,ILI incidence,2025-06-22,2,NL,quantile,0.15,10.303655046347696
2025-06-18,ILI incidence,2025-06-29,3,NL,quantile,0.15,10.394905221118822
2025-06-18,ILI incidence,2025-07-06,4,NL,quantile,0.15,10.583761422814792
2025-06-18,ILI incidence,2025-06-15,1,NL,quantile,0.2,11.265608424367615
2025-06-18,ILI incidence,2025-06-22,2,NL,quantile,0.2,11.31565628338746
2025-06-18,ILI incidence,2025-06-29,3,NL,quantile,0.2,11.512304706642194
2025-06-18,ILI incidence,2025-07-06,4,NL,quantile,0.2,11.78034262728548
2025-06-18,ILI incidence,2025-06-15,1,NL,quantile,0.25,12.10892400603797
2025-06-18,ILI incidence,2025-06-22,2,NL,quantile,0.25,12.301624409994542
2025-06-18,ILI incidence,2025-06-29,3,NL,quantile,0.25,12.600959776507398
2025-06-18,ILI incidence,2025-07-06,4,NL,quantile,0.25,12.946142514997335
2025-06-18,ILI incidence,2025-06-15,1,NL,quantile,0.3,12.9346749144926
2025-06-18,ILI incidence,2025-06-22,2,NL,quantile,0.3,13.267056679893429
2025-06-18,ILI incidence,2025-06-29,3,NL,quantile,0.3,13.666940214286535
2025-06-18,ILI incidence,2025-07-06,4,NL,quantile,0.3,14.087660989549448
2025-06-18,ILI incidence,2025-06-15,1,NL,quantile,0.35,13.7469746816536
2025-06-18,ILI incidence,2025-06-22,2,NL,quantile,0.35,14.216762456804082
2025-06-18,ILI incidence,2025-06-29,3,NL,quantile,0.35,14.715556270945408
2025-06-18,ILI incidence,2025-07-06,4,NL,quantile,0.35,15.210584599556723
2025-06-18,ILI incidence,2025-06-15,1,NL,quantile,0.4,14.549516059637645
2025-06-18,ILI incidence,2025-06-22,2,NL,quantile,0.4,15.155059146885757
2025-06-18,ILI incidence,2025-06-29,3,NL,quantile,0.4,15.751575003326016
2025-06-18,ILI incidence,2025-07-06,4,NL,quantile,0.4,16.320018207417696
2025-06-18,ILI incidence,2025-06-15,1,NL,quantile,0.45,15.345702189672627
2025-06-18,ILI incidence,2025-06-22,2,NL,quantile,0.45,16.085925555764696
2025-06-18,ILI incidence,2025-06-29,3,NL,quantile,0.45,16.779389603054067
2025-06-18,ILI incidence,2025-07-06,4,NL,quantile,0.45,17.420666317291403
2025-06-18,ILI incidence,2025-06-15,1,NL,quantile,0.5,16.13875450851973
2025-06-18,ILI incidence,2025-06-22,2,NL,quantile,0.5,17.013128048058654
2025-06-18,ILI incidence,2025-06-29,3,NL,quantile,0.5,17.803158695368474
2025-06-18,ILI incidence,2025-07-06,4,NL,quantile,0.5,18.51698224498996
2025-06-18,ILI incidence,2025-06-15,1,NL,quantile,0.55,16.931806827366835
2025-06-18,ILI incidence,2025-06-22,2,NL,quantile,0.55,17.940330540352612
2025-06-18,ILI incidence,2025-06-29,3,NL,quantile,0.55,18.82692778768288
2025-06-18,ILI incidence,2025-07-06,4,NL,quantile,0.55,19.613298172688506
2025-06-18,ILI incidence,2025-06-15,1,NL,quantile,0.6,17.72799295740182
2025-06-18,ILI incidence,2025-06-22,2,NL,quantile,0.6,18.87119694923156
2025-06-18,ILI incidence,2025-06-29,3,NL,quantile,0.6,19.85474238741093
2025-06-18,ILI incidence,2025-07-06,4,NL,quantile,0.6,20.71394628256221
2025-06-18,ILI incidence,2025-06-15,1,NL,quantile,0.65,18.530534335385862
2025-06-18,ILI incidence,2025-06-22,2,NL,quantile,0.65,19.809493639313224
2025-06-18,ILI incidence,2025-06-29,3,NL,quantile,0.65,20.89076111979154
2025-06-18,ILI incidence,2025-07-06,4,NL,quantile,0.65,21.823379890423183
2025-06-18,ILI incidence,2025-06-15,1,NL,quantile,0.7,19.342834102546863
2025-06-18,ILI incidence,2025-06-22,2,NL,quantile,0.7,20.75919941622388
2025-06-18,ILI incidence,2025-06-29,3,NL,quantile,0.7,21.939377176450414
2025-06-18,ILI incidence,2025-07-06,4,NL,quantile,0.7,22.94630350043046
2025-06-18,ILI incidence,2025-06-15,1,NL,quantile,0.75,20.168585011001493
2025-06-18,ILI incidence,2025-06-22,2,NL,quantile,0.75,21.72463168612277
2025-06-18,ILI incidence,2025-06-29,3,NL,quantile,0.75,23.00535761422955
2025-06-18,ILI incidence,2025-07-06,4,NL,quantile,0.75,24.08782197498257
2025-06-18,ILI incidence,2025-06-15,1,NL,quantile,0.8,21.011900592671847
2025-06-18,ILI incidence,2025-06-22,2,NL,quantile,0.8,22.710599812729846
2025-06-18,ILI incidence,2025-06-29,3,NL,quantile,0.8,24.09401268409476
2025-06-18,ILI incidence,2025-07-06,4,NL,quantile,0.8,25.253621862694427
2025-06-18,ILI incidence,2025-06-15,1,NL,quantile,0.85,21.877482743691427
2025-06-18,ILI incidence,2025-06-22,2,NL,quantile,0.85,23.72260104976961
2025-06-18,ILI incidence,2025-06-29,3,NL,quantile,0.85,25.211412169618125
2025-06-18,ILI incidence,2025-07-06,4,NL,quantile,0.85,26.45020306716512
2025-06-18,ILI incidence,2025-06-15,1,NL,quantile,0.9,22.77084526885719
2025-06-18,ILI incidence,2025-06-22,2,NL,quantile,0.9,24.76708189948189
2025-06-18,ILI incidence,2025-06-29,3,NL,quantile,0.9,26.36467396554384
2025-06-18,ILI incidence,2025-07-06,4,NL,quantile,0.9,27.68518787494177
2025-06-18,ILI incidence,2025-06-15,1,NL,quantile,0.95,23.6986239456262
2025-06-18,ILI incidence,2025-06-22,2,NL,quantile,0.95,25.85180062604458
2025-06-18,ILI incidence,2025-06-29,3,NL,quantile,0.95,27.562364346381862
2025-06-18,ILI incidence,2025-07-06,4,NL,quantile,0.95,28.96774958814578
2025-06-18,ILI incidence,2025-06-15,1,NL,quantile,0.975,24.177905701406807
2025-06-18,ILI incidence,2025-06-22,2,NL,quantile,0.975,26.41215613842344
2025-06-18,ILI incidence,2025-06-29,3,NL,quantile,0.975,28.18107995494561
2025-06-18,ILI incidence,2025-07-06,4,NL,quantile,0.975,29.630308930361025
2025-06-18,ILI incidence,2025-06-15,1,NL,quantile,0.99,24.471071637642027
2025-06-18,ILI incidence,2025-06-22,2,NL,quantile,0.99,26.754913079262028
2025-06-18,ILI incidence,2025-06-29,3,NL,quantile,0.99,28.55953446204969
2025-06-18,ILI incidence,2025-07-06,4,NL,quantile,0.99,30.035581669265017
2025-06-18,ILI incidence,2025-06-15,1,NL,median,,16.13875450851973
2025-06-18,ILI incidence,2025-06-22,2,NL,median,,17.013128048058654
2025-06-18,ILI incidence,2025-06-29,3,NL,median,,17.803158695368474
2025-06-18,ILI incidence,2025-07-06,4,NL,median,,18.51698224498996
2025-06-18,ILI incidence,2025-06-15,1,NO,quantile,0.01,5.485492424400594
2025-06-18,ILI incidence,2025-06-22,2,NO,quantile,0.01,5.534932159320672
2025-06-18,ILI incidence,2025-06-29,3,NO,quantile,0.01,6.310402754675472
2025-06-18,ILI incidence,2025-07-06,4,NO,quantile,0.01,7.677361090256088
2025-06-18,ILI incidence,2025-06-15,1,NO,quantile,0.025,5.897047046008419
2025-06-18,ILI incidence,2025-06-22,2,NO,quantile,0.025,6.051333395364477
2025-06-18,ILI incidence,2025-06-29,3,NO,quantile,0.025,6.921366524620833
2025-06-18,ILI incidence,2025-07-06,4,NO,quantile,0.025,8.365672451100536
2025-06-18,ILI incidence,2025-06-15,1,NO,quantile,0.05,6.56987631183951
2025-06-18,ILI incidence,2025-06-22,2,NO,quantile,0.05,6.895570943139383
2025-06-18,ILI incidence,2025-06-29,3,NO,quantile,0.05,7.920199445451086
2025-06-18,ILI incidence,2025-07-06,4,NO,quantile,0.05,9.49095692918733
2025-06-18,ILI incidence,2025-06-15,1,NO,quantile,0.1,7.872318222918565
2025-06-18,ILI incidence,2025-06-22,2,NO,quantile,0.1,8.529819661156186
2025-06-18,ILI incidence,2025-06-29,3,NO,quantile,0.1,9.853709065678304
2025-06-18,ILI incidence,2025-07-06,4,NO,quantile,0.1,11.669247530647128
2025-06-18,ILI incidence,2025-06-15,1,NO,quantile,0.15,9.12644576831052
2025-06-18,ILI incidence,2025-06-22,2,NO,quantile,0.15,10.103445567887285
2025-06-18,ILI incidence,2025-06-29,3,NO,quantile,0.15,11.71549472642867
2025-06-18,ILI incidence,2025-07-06,4,NO,quantile,0.15,13.766733968945047
2025-06-18,ILI incidence,2025-06-15,1,NO,quantile,0.2,10.341574439833712
2025-06-18,ILI incidence,2025-06-22,2,NO,quantile,0.2,11.62813734628453
2025-06-18,ILI incidence,2025-06-29,3,NO,quantile,0.2,13.519385522800164
2025-06-18,ILI incidence,2025-07-06,4,NO,quantile,0.2,15.798996093058031
2025-06-18,ILI incidence,2025-06-15,1,NO,quantile,0.25,11.52544467239668
2025-06-18,ILI incidence,2025-06-22,2,NO,quantile,0.25,13.113607364875511
2025-06-18,ILI incidence,2025-06-29,3,NO,quantile,0.25,15.276872336062109
2025-06-18,ILI incidence,2025-07-06,4,NO,quantile,0.25,17.778979521880146
2025-06-18,ILI incidence,2025-06-15,1,NO,quantile,0.3,12.684657120594268
2025-06-18,ILI incidence,2025-06-22,2,NO,quantile,0.3,14.568137844324312
2025-06-18,ILI incidence,2025-06-29,3,NO,quantile,0.3,16.997754013326514
2025-06-18,ILI incidence,2025-07-06,4,NO,quantile,0.3,19.71772362979356
2025-06-18,ILI incidence,2025-06-15,1,NO,quantile,0.35,13.824986476723303
2025-06-18,ILI incidence,2025-06-22,2,NO,quantile,0.35,15.998974622931083
2025-06-18,ILI incidence,2025-06-29,3,NO,quantile,0.35,18.69060323872983
2025-06-18,ILI incidence,2025-07-06,4,NO,quantile,0.35,21.624886396819885
2025-06-18,ILI incidence,2025-06-15,1,NO,quantile,0.4,14.95161673050505
2025-06-18,ILI incidence,2025-06-22,2,NO,quantile,0.4,17.412622350526366
2025-06-18,ILI incidence,2025-06-29,3,NO,quantile,0.4,20.36311578274133
2025-06-18,ILI incidence,2025-07-06,4,NO,quantile,0.4,23.509137872649493
2025-06-18,ILI incidence,2025-06-15,1,NO,quantile,0.45,16.069325307715204
2025-06-18,ILI incidence,2025-06-22,2,NO,quantile,0.45,18.8150755377927
2025-06-18,ILI incidence,2025-06-29,3,NO,quantile,0.45,22.022383860851527
2025-06-18,ILI incidence,2025-07-06,4,NO,quantile,0.45,25.378468142350943
2025-06-18,ILI incidence,2025-06-15,1,NO,quantile,0.5,17.18263455226693
2025-06-18,ILI incidence,2025-06-22,2,NO,quantile,0.5,20.212008629539987
2025-06-18,ILI incidence,2025-06-29,3,NO,quantile,0.5,23.675121012748964
2025-06-18,ILI incidence,2025-07-06,4,NO,quantile,0.5,27.24044067509612
2025-06-18,ILI incidence,2025-06-15,1,NO,quantile,0.55,18.29594379681865
2025-06-18,ILI incidence,2025-06-22,2,NO,quantile,0.55,21.60894172128728
2025-06-18,ILI incidence,2025-06-29,3,NO,quantile,0.55,25.3278581646464
2025-06-18,ILI incidence,2025-07-06,4,NO,quantile,0.55,29.102413207841284
2025-06-18,ILI incidence,2025-06-15,1,NO,quantile,0.6,19.413652374028807
2025-06-18,ILI incidence,2025-06-22,2,NO,quantile,0.6,23.01139490855361
2025-06-18,ILI incidence,2025-06-29,3,NO,quantile,0.6,26.98712624275659
2025-06-18,ILI incidence,2025-07-06,4,NO,quantile,0.6,30.97174347754273
2025-06-18,ILI incidence,2025-06-15,1,NO,quantile,0.65,20.540282627810555
2025-06-18,ILI incidence,2025-06-22,2,NO,quantile,0.65,24.42504263614889
2025-06-18,ILI incidence,2025-06-29,3,NO,quantile,0.65,28.65963878676809
2025-06-18,ILI incidence,2025-07-06,4,NO,quantile,0.65,32.855994953372345
2025-06-18,ILI incidence,2025-06-15,1,NO,quantile,0.7,21.680611983939592
2025-06-18,ILI incidence,2025-06-22,2,NO,quantile,0.7,25.855879414755663
2025-06-18,ILI incidence,2025-06-29,3,NO,quantile,0.7,30.352488012171413
2025-06-18,ILI incidence,2025-07-06,4,NO,quantile,0.7,34.76315772039867
2025-06-18,ILI incidence,2025-06-15,1,NO,quantile,0.75,22.839824432137178
2025-06-18,ILI incidence,2025-06-22,2,NO,quantile,0.75,27.31040989420446
2025-06-18,ILI incidence,2025-06-29,3,NO,quantile,0.75,32.07336968943582
2025-06-18,ILI incidence,2025-07-06,4,NO,quantile,0.75,36.70190182831208
2025-06-18,ILI incidence,2025-06-15,1,NO,quantile,0.8,24.023694664700145
2025-06-18,ILI incidence,2025-06-22,2,NO,quantile,0.8,28.79587991279544
2025-06-18,ILI incidence,2025-06-29,3,NO,quantile,0.8,33.83085650269776
2025-06-18,ILI incidence,2025-07-06,4,NO,quantile,0.8,38.6818852571342
2025-06-18,ILI incidence,2025-06-15,1,NO,quantile,0.85,25.238823336223337
2025-06-18,ILI incidence,2025-06-22,2,NO,quantile,0.85,30.32057169119269
2025-06-18,ILI incidence,2025-06-29,3,NO,quantile,0.85,35.63474729906926
2025-06-18,ILI incidence,2025-07-06,4,NO,quantile,0.85,40.71414738124718
2025-06-18,ILI incidence,2025-06-15,1,NO,quantile,0.9,26.492950881615293
2025-06-18,ILI incidence,2025-06-22,2,NO,quantile,0.9,31.89419759792379
2025-06-18,ILI incidence,2025-06-29,3,NO,quantile,0.9,37.496532959819625
2025-06-18,ILI incidence,2025-07-06,4,NO,quantile,0.9,42.8116338195451
2025-06-18,ILI incidence,2025-06-15,1,NO,quantile,0.95,27.79539279269435
2025-06-18,ILI incidence,2025-06-22,2,NO,quantile,0.95,33.52844631594059
2025-06-18,ILI incidence,2025-06-29,3,NO,quantile,0.95,39.430042580046845
2025-06-18,ILI incidence,2025-07-06,4,NO,quantile,0.95,44.9899244210049
2025-06-18,ILI incidence,2025-06-15,1,NO,quantile,0.975,28.46822205852544
2025-06-18,ILI incidence,2025-06-22,2,NO,quantile,0.975,34.372683863715494
2025-06-18,ILI incidence,2025-06-29,3,NO,quantile,0.975,40.4288755008771
2025-06-18,ILI incidence,2025-07-06,4,NO,quantile,0.975,46.11520889909169
2025-06-18,ILI incidence,2025-06-15,1,NO,quantile,0.99,28.879776680133265
2025-06-18,ILI incidence,2025-06-22,2,NO,quantile,0.99,34.8890850997593
2025-06-18,ILI incidence,2025-06-29,3,NO,quantile,0.99,41.039839270822455
2025-06-18,ILI incidence,2025-07-06,4,NO,quantile,0.99,46.803520259936136
2025-06-18,ILI incidence,2025-06-15,1,NO,median,,17.18263455226693
2025-06-18,ILI incidence,2025-06-22,2,NO,median,,20.212008629539987
2025-06-18,ILI incidence,2025-06-29,3,NO,median,,23.675121012748964
2025-06-18,ILI incidence,2025-07-06,4,NO,median,,27.24044067509612
2025-06-18,ILI incidence,2025-06-15,1,PL,quantile,0.01,152.9771826896776
2025-06-18,ILI incidence,2025-06-22,2,PL,quantile,0.01,150.37100666354252
2025-06-18,ILI incidence,2025-06-29,3,PL,quantile,0.01,149.97213771820032
2025-06-18,ILI incidence,2025-07-06,4,PL,quantile,0.01,150.80872125474465
2025-06-18,ILI incidence,2025-06-15,1,PL,quantile,0.025,155.18334100786635
2025-06-18,ILI incidence,2025-06-22,2,PL,quantile,0.025,152.96636533913306
2025-06-18,ILI incidence,2025-06-29,3,PL,quantile,0.025,152.85430668879343
2025-06-18,ILI incidence,2025-07-06,4,PL,quantile,0.025,153.9115596873335
2025-06-18,ILI incidence,2025-06-15,1,PL,quantile,0.05,158.7900746067629
2025-06-18,ILI incidence,2025-06-22,2,PL,quantile,0.05,157.2093823788735
2025-06-18,ILI incidence,2025-06-29,3,PL,quantile,0.05,157.56621497671244
2025-06-18,ILI incidence,2025-07-06,4,PL,quantile,0.05,158.98422901233153
2025-06-18,ILI incidence,2025-06-15,1,PL,quantile,0.1,165.77187703400617
2025-06-18,ILI incidence,2025-06-22,2,PL,quantile,0.1,165.42288244884205
2025-06-18,ILI incidence,2025-06-29,3,PL,quantile,0.1,166.68738010285475
2025-06-18,ILI incidence,2025-07-06,4,PL,quantile,0.1,168.80374410396735
2025-06-18,ILI incidence,2025-06-15,1,PL,quantile,0.15,172.49468798319924
2025-06-18,ILI incidence,2025-06-22,2,PL,quantile,0.15,173.33170094907922
2025-06-18,ILI incidence,2025-06-29,3,PL,quantile,0.15,175.47019362678878
2025-06-18,ILI incidence,2025-07-06,4,PL,quantile,0.15,178.25900214968678
2025-06-18,ILI incidence,2025-06-15,1,PL,quantile,0.2,179.0084435957047
2025-06-18,ILI incidence,2025-06-22,2,PL,quantile,0.2,180.99458352655083
2025-06-18,ILI incidence,2025-06-29,3,PL,quantile,0.2,183.97989311372447
2025-06-18,ILI incidence,2025-07-06,4,PL,quantile,0.2,187.42023554274908
2025-06-18,ILI incidence,2025-06-15,1,PL,quantile,0.25,185.3546368446622
2025-06-18,ILI incidence,2025-06-22,2,PL,quantile,0.25,188.46034315488896
2025-06-18,ILI incidence,2025-06-29,3,PL,quantile,0.25,192.27068580649427
2025-06-18,ILI incidence,2025-07-06,4,PL,quantile,0.25,196.345801831966
2025-06-18,ILI incidence,2025-06-15,1,PL,quantile,0.3,191.5686508560904
2025-06-18,ILI incidence,2025-06-22,2,PL,quantile,0.3,195.77060508932803
2025-06-18,ILI incidence,2025-06-29,3,PL,quantile,0.3,200.3887969225056
2025-06-18,ILI incidence,2025-07-06,4,PL,quantile,0.3,205.085465407486
2025-06-18,ILI incidence,2025-06-15,1,PL,quantile,0.35,197.68144114543423
2025-06-18,ILI incidence,2025-06-22,2,PL,quantile,0.35,202.96178587572743
2025-06-18,ILI incidence,2025-06-29,3,PL,quantile,0.35,208.3746673609218
2025-06-18,ILI incidence,2025-07-06,4,PL,quantile,0.35,213.682763472524
2025-06-18,ILI incidence,2025-06-15,1,PL,quantile,0.4,203.720796738608
2025-06-18,ILI incidence,2025-06-22,2,PL,quantile,0.4,210.0665769528194
2025-06-18,ILI incidence,2025-06-29,3,PL,quantile,0.4,216.264601256198
2025-06-18,ILI incidence,2025-07-06,4,PL,quantile,0.4,222.17677973965857
2025-06-18,ILI incidence,2025-06-15,1,PL,quantile,0.45,209.71232725596613
2025-06-18,ILI incidence,2025-06-22,2,PL,quantile,0.45,217.1151058730184
2025-06-18,ILI incidence,2025-06-29,3,PL,quantile,0.45,224.09205552415315
2025-06-18,ILI incidence,2025-07-06,4,PL,quantile,0.45,230.60353270929613
2025-06-18,ILI incidence,2025-06-15,1,PL,quantile,0.5,215.6802749392865
2025-06-18,ILI incidence,2025-06-22,2,PL,quantile,0.5,224.1358915834893
2025-06-18,ILI incidence,2025-06-29,3,PL,quantile,0.5,231.8887007101208
2025-06-18,ILI incidence,2025-07-06,4,PL,quantile,0.5,238.9971177402601
2025-06-18,ILI incidence,2025-06-15,1,PL,quantile,0.55,221.64822262260688
2025-06-18,ILI incidence,2025-06-22,2,PL,quantile,0.55,231.15667729396017
2025-06-18,ILI incidence,2025-06-29,3,PL,quantile,0.55,239.68534589608848
2025-06-18,ILI incidence,2025-07-06,4,PL,quantile,0.55,247.3907027712241
2025-06-18,ILI incidence,2025-06-15,1,PL,quantile,0.6,227.63975313996508
2025-06-18,ILI incidence,2025-06-22,2,PL,quantile,0.6,238.2052062141592
2025-06-18,ILI incidence,2025-06-29,3,PL,quantile,0.6,247.51280016404365
2025-06-18,ILI incidence,2025-07-06,4,PL,quantile,0.6,255.8174557408617
2025-06-18,ILI incidence,2025-06-15,1,PL,quantile,0.65,233.6791087331388
2025-06-18,ILI incidence,2025-06-22,2,PL,quantile,0.65,245.3099972912512
2025-06-18,ILI incidence,2025-06-29,3,PL,quantile,0.65,255.40273405931984
2025-06-18,ILI incidence,2025-07-06,4,PL,quantile,0.65,264.31147200799626
2025-06-18,ILI incidence,2025-06-15,1,PL,quantile,0.7,239.79189902248265
2025-06-18,ILI incidence,2025-06-22,2,PL,quantile,0.7,252.50117807765056
2025-06-18,ILI incidence,2025-06-29,3,PL,quantile,0.7,263.388604497736
2025-06-18,ILI incidence,2025-07-06,4,PL,quantile,0.7,272.9087700730343
2025-06-18,ILI incidence,2025-06-15,1,PL,quantile,0.75,246.0059130339108
2025-06-18,ILI incidence,2025-06-22,2,PL,quantile,0.75,259.81144001208963
2025-06-18,ILI incidence,2025-06-29,3,PL,quantile,0.75,271.50671561374736
2025-06-18,ILI incidence,2025-07-06,4,PL,quantile,0.75,281.6484336485543
2025-06-18,ILI incidence,2025-06-15,1,PL,quantile,0.8,252.3521062828683
2025-06-18,ILI incidence,2025-06-22,2,PL,quantile,0.8,267.27719964042774
2025-06-18,ILI incidence,2025-06-29,3,PL,quantile,0.8,279.7975083065172
2025-06-18,ILI incidence,2025-07-06,4,PL,quantile,0.8,290.5739999377712
2025-06-18,ILI incidence,2025-06-15,1,PL,quantile,0.85,258.86586189537377
2025-06-18,ILI incidence,2025-06-22,2,PL,quantile,0.85,274.9400822178994
2025-06-18,ILI incidence,2025-06-29,3,PL,quantile,0.85,288.30720779345285
2025-06-18,ILI incidence,2025-07-06,4,PL,quantile,0.85,299.73523333083347
2025-06-18,ILI incidence,2025-06-15,1,PL,quantile,0.9,265.5886728445668
2025-06-18,ILI incidence,2025-06-22,2,PL,quantile,0.9,282.8489007181365
2025-06-18,ILI incidence,2025-06-29,3,PL,quantile,0.9,297.09002131738686
2025-06-18,ILI incidence,2025-07-06,4,PL,quantile,0.9,309.1904913765529
2025-06-18,ILI incidence,2025-06-15,1,PL,quantile,0.95,272.5704752718101
2025-06-18,ILI incidence,2025-06-22,2,PL,quantile,0.95,291.0624007881051
2025-06-18,ILI incidence,2025-06-29,3,PL,quantile,0.95,306.2111864435292
2025-06-18,ILI incidence,2025-07-06,4,PL,quantile,0.95,319.01000646818875
2025-06-18,ILI incidence,2025-06-15,1,PL,quantile,0.975,276.17720887070664
2025-06-18,ILI incidence,2025-06-22,2,PL,quantile,0.975,295.3054178278456
2025-06-18,ILI incidence,2025-06-29,3,PL,quantile,0.975,310.9230947314482
2025-06-18,ILI incidence,2025-07-06,4,PL,quantile,0.975,324.0826757931868
2025-06-18,ILI incidence,2025-06-15,1,PL,quantile,0.99,278.3833671888954
2025-06-18,ILI incidence,2025-06-22,2,PL,quantile,0.99,297.9007765034361
2025-06-18,ILI incidence,2025-06-29,3,PL,quantile,0.99,313.8052637020413
2025-06-18,ILI incidence,2025-07-06,4,PL,quantile,0.99,327.18551422577565
2025-06-18,ILI incidence,2025-06-15,1,PL,median,,215.6802749392865
2025-06-18,ILI incidence,2025-06-22,2,PL,median,,224.1358915834893
2025-06-18,ILI incidence,2025-06-29,3,PL,median,,231.8887007101208
2025-06-18,ILI incidence,2025-07-06,4,PL,median,,238.9971177402601
