origin_date,target,target_end_date,horizon,location,output_type,output_type_id,value
2025-05-28,ILI incidence,2025-05-11,-1,BE,quantile,0.01,2.719517710303343
2025-05-28,ILI incidence,2025-05-11,-1,BE,quantile,0.025,3.4691448613049074
2025-05-28,ILI incidence,2025-05-11,-1,BE,quantile,0.05,6.549545888863508
2025-05-28,ILI incidence,2025-05-11,-1,BE,quantile,0.1,12.301542952293172
2025-05-28,ILI incidence,2025-05-11,-1,BE,quantile,0.15,17.19422060219273
2025-05-28,ILI incidence,2025-05-11,-1,BE,quantile,0.2,19.35874282562476
2025-05-28,ILI incidence,2025-05-11,-1,BE,quantile,0.25,23.305014191097698
2025-05-28,ILI incidence,2025-05-11,-1,BE,quantile,0.3,28.33592198300605
2025-05-28,ILI incidence,2025-05-11,-1,BE,quantile,0.35,29.335726384793222
2025-05-28,ILI incidence,2025-05-11,-1,BE,quantile,0.4,31.275555035521187
2025-05-28,ILI incidence,2025-05-11,-1,BE,quantile,0.45,34.00617573432409
2025-05-28,ILI incidence,2025-05-11,-1,BE,quantile,0.5,34.70626209052451
2025-05-28,ILI incidence,2025-05-11,-1,BE,quantile,0.55,36.908365551207815
2025-05-28,ILI incidence,2025-05-11,-1,BE,quantile,0.6,38.38138171726416
2025-05-28,ILI incidence,2025-05-11,-1,BE,quantile,0.65,39.374213779667194
2025-05-28,ILI incidence,2025-05-11,-1,BE,quantile,0.7,40.31351798354285
2025-05-28,ILI incidence,2025-05-11,-1,BE,quantile,0.75,41.2253931966429
2025-05-28,ILI incidence,2025-05-11,-1,BE,quantile,0.8,41.98229600583975
2025-05-28,ILI incidence,2025-05-11,-1,BE,quantile,0.85,43.443462758879
2025-05-28,ILI incidence,2025-05-11,-1,BE,quantile,0.9,49.38103254852495
2025-05-28,ILI incidence,2025-05-11,-1,BE,quantile,0.95,49.78667054028007
2025-05-28,ILI incidence,2025-05-11,-1,BE,quantile,0.975,50.12456769864697
2025-05-28,ILI incidence,2025-05-11,-1,BE,quantile,0.99,50.95791592879737
2025-05-28,ILI incidence,2025-05-18,0,BE,quantile,0.01,15.257413175650925
2025-05-28,ILI incidence,2025-05-18,0,BE,quantile,0.025,19.398145831139892
2025-05-28,ILI incidence,2025-05-18,0,BE,quantile,0.05,21.934699140010895
2025-05-28,ILI incidence,2025-05-18,0,BE,quantile,0.1,23.85183409666858
2025-05-28,ILI incidence,2025-05-18,0,BE,quantile,0.15,25.5530088992124
2025-05-28,ILI incidence,2025-05-18,0,BE,quantile,0.2,26.279744845572978
2025-05-28,ILI incidence,2025-05-18,0,BE,quantile,0.25,26.789382806734963
2025-05-28,ILI incidence,2025-05-18,0,BE,quantile,0.3,28.618285299177703
2025-05-28,ILI incidence,2025-05-18,0,BE,quantile,0.35,28.926678882072558
2025-05-28,ILI incidence,2025-05-18,0,BE,quantile,0.4,29.598970311032854
2025-05-28,ILI incidence,2025-05-18,0,BE,quantile,0.45,31.131413458310135
2025-05-28,ILI incidence,2025-05-18,0,BE,quantile,0.5,31.616489934480068
2025-05-28,ILI incidence,2025-05-18,0,BE,quantile,0.55,31.914373176969605
2025-05-28,ILI incidence,2025-05-18,0,BE,quantile,0.6,32.436354915176786
2025-05-28,ILI incidence,2025-05-18,0,BE,quantile,0.65,32.58439035904558
2025-05-28,ILI incidence,2025-05-18,0,BE,quantile,0.7,33.083040240474304
2025-05-28,ILI incidence,2025-05-18,0,BE,quantile,0.75,33.7725324513653
2025-05-28,ILI incidence,2025-05-18,0,BE,quantile,0.8,34.60964720821133
2025-05-28,ILI incidence,2025-05-18,0,BE,quantile,0.85,35.694153928940246
2025-05-28,ILI incidence,2025-05-18,0,BE,quantile,0.9,37.574710277993724
2025-05-28,ILI incidence,2025-05-18,0,BE,quantile,0.95,39.154018189278055
2025-05-28,ILI incidence,2025-05-18,0,BE,quantile,0.975,40.724362107740674
2025-05-28,ILI incidence,2025-05-18,0,BE,quantile,0.99,41.2785350418025
2025-05-28,ILI incidence,2025-05-25,1,BE,quantile,0.01,1.4919266092136467
2025-05-28,ILI incidence,2025-05-25,1,BE,quantile,0.025,1.9270125216246277
2025-05-28,ILI incidence,2025-05-25,1,BE,quantile,0.05,3.7773997443083824
2025-05-28,ILI incidence,2025-05-25,1,BE,quantile,0.1,5.511740747987338
2025-05-28,ILI incidence,2025-05-25,1,BE,quantile,0.15,7.411400216428237
2025-05-28,ILI incidence,2025-05-25,1,BE,quantile,0.2,8.860886162953292
2025-05-28,ILI incidence,2025-05-25,1,BE,quantile,0.25,10.30509483753224
2025-05-28,ILI incidence,2025-05-25,1,BE,quantile,0.3,11.37291049448201
2025-05-28,ILI incidence,2025-05-25,1,BE,quantile,0.35,13.415684440422208
2025-05-28,ILI incidence,2025-05-25,1,BE,quantile,0.4,14.72678737237982
2025-05-28,ILI incidence,2025-05-25,1,BE,quantile,0.45,22.02680168468068
2025-05-28,ILI incidence,2025-05-25,1,BE,quantile,0.5,25.829394959285878
2025-05-28,ILI incidence,2025-05-25,1,BE,quantile,0.55,27.684986816971694
2025-05-28,ILI incidence,2025-05-25,1,BE,quantile,0.6,29.64221859425123
2025-05-28,ILI incidence,2025-05-25,1,BE,quantile,0.65,30.921675448924486
2025-05-28,ILI incidence,2025-05-25,1,BE,quantile,0.7,34.35416822413544
2025-05-28,ILI incidence,2025-05-25,1,BE,quantile,0.75,37.60064031061787
2025-05-28,ILI incidence,2025-05-25,1,BE,quantile,0.8,39.77837237723924
2025-05-28,ILI incidence,2025-05-25,1,BE,quantile,0.85,40.9969725315592
2025-05-28,ILI incidence,2025-05-25,1,BE,quantile,0.9,46.44826999285562
2025-05-28,ILI incidence,2025-05-25,1,BE,quantile,0.95,48.0256727240414
2025-05-28,ILI incidence,2025-05-25,1,BE,quantile,0.975,49.09754424491244
2025-05-28,ILI incidence,2025-05-25,1,BE,quantile,0.99,49.47780067569886
2025-05-28,ILI incidence,2025-06-01,2,BE,quantile,0.01,1.2106008478007237
2025-05-28,ILI incidence,2025-06-01,2,BE,quantile,0.025,2.079590622184239
2025-05-28,ILI incidence,2025-06-01,2,BE,quantile,0.05,3.333519978267414
2025-05-28,ILI incidence,2025-06-01,2,BE,quantile,0.1,4.999829944289997
2025-05-28,ILI incidence,2025-06-01,2,BE,quantile,0.15,6.642869070502219
2025-05-28,ILI incidence,2025-06-01,2,BE,quantile,0.2,7.455044533994565
2025-05-28,ILI incidence,2025-06-01,2,BE,quantile,0.25,8.694916517825247
2025-05-28,ILI incidence,2025-06-01,2,BE,quantile,0.3,11.953422400383326
2025-05-28,ILI incidence,2025-06-01,2,BE,quantile,0.35,16.89647358038256
2025-05-28,ILI incidence,2025-06-01,2,BE,quantile,0.4,21.91679911002513
2025-05-28,ILI incidence,2025-06-01,2,BE,quantile,0.45,27.507132153768573
2025-05-28,ILI incidence,2025-06-01,2,BE,quantile,0.5,29.259552672991177
2025-05-28,ILI incidence,2025-06-01,2,BE,quantile,0.55,31.202803880316505
2025-05-28,ILI incidence,2025-06-01,2,BE,quantile,0.6,32.27585471802943
2025-05-28,ILI incidence,2025-06-01,2,BE,quantile,0.65,33.79356730154252
2025-05-28,ILI incidence,2025-06-01,2,BE,quantile,0.7,36.127876749416465
2025-05-28,ILI incidence,2025-06-01,2,BE,quantile,0.75,37.06131941831665
2025-05-28,ILI incidence,2025-06-01,2,BE,quantile,0.8,39.669300304725375
2025-05-28,ILI incidence,2025-06-01,2,BE,quantile,0.85,42.72339999124266
2025-05-28,ILI incidence,2025-06-01,2,BE,quantile,0.9,44.787673105176516
2025-05-28,ILI incidence,2025-06-01,2,BE,quantile,0.95,47.34011427101474
2025-05-28,ILI incidence,2025-06-01,2,BE,quantile,0.975,48.049251976119514
2025-05-28,ILI incidence,2025-06-01,2,BE,quantile,0.99,48.421003749745104
2025-05-28,ILI incidence,2025-05-11,-1,DK,quantile,0.01,64.14630598664827
2025-05-28,ILI incidence,2025-05-11,-1,DK,quantile,0.025,67.44436146590124
2025-05-28,ILI incidence,2025-05-11,-1,DK,quantile,0.05,70.59500925033723
2025-05-28,ILI incidence,2025-05-11,-1,DK,quantile,0.1,83.29029938109036
2025-05-28,ILI incidence,2025-05-11,-1,DK,quantile,0.15,84.47408126212265
2025-05-28,ILI incidence,2025-05-11,-1,DK,quantile,0.2,87.34775707640827
2025-05-28,ILI incidence,2025-05-11,-1,DK,quantile,0.25,88.39218761026808
2025-05-28,ILI incidence,2025-05-11,-1,DK,quantile,0.3,89.18064497989987
2025-05-28,ILI incidence,2025-05-11,-1,DK,quantile,0.35,90.32585148107533
2025-05-28,ILI incidence,2025-05-11,-1,DK,quantile,0.4,91.4123935910587
2025-05-28,ILI incidence,2025-05-11,-1,DK,quantile,0.45,92.71269981447196
2025-05-28,ILI incidence,2025-05-11,-1,DK,quantile,0.5,94.60762535431721
2025-05-28,ILI incidence,2025-05-11,-1,DK,quantile,0.55,96.668000649964
2025-05-28,ILI incidence,2025-05-11,-1,DK,quantile,0.6,99.99142249491315
2025-05-28,ILI incidence,2025-05-11,-1,DK,quantile,0.65,102.95879564571193
2025-05-28,ILI incidence,2025-05-11,-1,DK,quantile,0.7,103.78356142818694
2025-05-28,ILI incidence,2025-05-11,-1,DK,quantile,0.75,105.57774287298665
2025-05-28,ILI incidence,2025-05-11,-1,DK,quantile,0.8,108.46679441114061
2025-05-28,ILI incidence,2025-05-11,-1,DK,quantile,0.85,110.17276639409222
2025-05-28,ILI incidence,2025-05-11,-1,DK,quantile,0.9,112.17414436481424
2025-05-28,ILI incidence,2025-05-11,-1,DK,quantile,0.95,117.73014348103145
2025-05-28,ILI incidence,2025-05-11,-1,DK,quantile,0.975,123.84245527562773
2025-05-28,ILI incidence,2025-05-11,-1,DK,quantile,0.99,126.41354175177341
2025-05-28,ILI incidence,2025-05-18,0,DK,quantile,0.01,67.22668695966753
2025-05-28,ILI incidence,2025-05-18,0,DK,quantile,0.025,72.84216559327646
2025-05-28,ILI incidence,2025-05-18,0,DK,quantile,0.05,74.45721994400118
2025-05-28,ILI incidence,2025-05-18,0,DK,quantile,0.1,78.13828370514284
2025-05-28,ILI incidence,2025-05-18,0,DK,quantile,0.15,82.18324385268353
2025-05-28,ILI incidence,2025-05-18,0,DK,quantile,0.2,84.28383743540007
2025-05-28,ILI incidence,2025-05-18,0,DK,quantile,0.25,87.2962487354663
2025-05-28,ILI incidence,2025-05-18,0,DK,quantile,0.3,87.81036940764112
2025-05-28,ILI incidence,2025-05-18,0,DK,quantile,0.35,88.20557268154005
2025-05-28,ILI incidence,2025-05-18,0,DK,quantile,0.4,89.93493397002045
2025-05-28,ILI incidence,2025-05-18,0,DK,quantile,0.45,90.66051276495801
2025-05-28,ILI incidence,2025-05-18,0,DK,quantile,0.5,91.38029816697345
2025-05-28,ILI incidence,2025-05-18,0,DK,quantile,0.55,91.72486653087256
2025-05-28,ILI incidence,2025-05-18,0,DK,quantile,0.6,93.99290548540006
2025-05-28,ILI incidence,2025-05-18,0,DK,quantile,0.65,95.1262094742161
2025-05-28,ILI incidence,2025-05-18,0,DK,quantile,0.7,96.9674473365336
2025-05-28,ILI incidence,2025-05-18,0,DK,quantile,0.75,98.16167248103903
2025-05-28,ILI incidence,2025-05-18,0,DK,quantile,0.8,98.95668830429835
2025-05-28,ILI incidence,2025-05-18,0,DK,quantile,0.85,100.75663403989728
2025-05-28,ILI incidence,2025-05-18,0,DK,quantile,0.9,101.99187887940728
2025-05-28,ILI incidence,2025-05-18,0,DK,quantile,0.95,107.69824599698052
2025-05-28,ILI incidence,2025-05-18,0,DK,quantile,0.975,111.13837413049235
2025-05-28,ILI incidence,2025-05-18,0,DK,quantile,0.99,111.84967194219989
2025-05-28,ILI incidence,2025-05-25,1,DK,quantile,0.01,57.13658188642197
2025-05-28,ILI incidence,2025-05-25,1,DK,quantile,0.025,57.99398318166163
2025-05-28,ILI incidence,2025-05-25,1,DK,quantile,0.05,60.18610546712437
2025-05-28,ILI incidence,2025-05-25,1,DK,quantile,0.1,64.27994935469853
2025-05-28,ILI incidence,2025-05-25,1,DK,quantile,0.15,65.67590379896484
2025-05-28,ILI incidence,2025-05-25,1,DK,quantile,0.2,68.13998663382797
2025-05-28,ILI incidence,2025-05-25,1,DK,quantile,0.25,68.85557754266156
2025-05-28,ILI incidence,2025-05-25,1,DK,quantile,0.3,71.29875166743584
2025-05-28,ILI incidence,2025-05-25,1,DK,quantile,0.35,74.61896684633987
2025-05-28,ILI incidence,2025-05-25,1,DK,quantile,0.4,79.36420057092353
2025-05-28,ILI incidence,2025-05-25,1,DK,quantile,0.45,82.03942822713354
2025-05-28,ILI incidence,2025-05-25,1,DK,quantile,0.5,83.2799031498734
2025-05-28,ILI incidence,2025-05-25,1,DK,quantile,0.55,85.71177798145787
2025-05-28,ILI incidence,2025-05-25,1,DK,quantile,0.6,89.78254197886021
2025-05-28,ILI incidence,2025-05-25,1,DK,quantile,0.65,94.0417705441754
2025-05-28,ILI incidence,2025-05-25,1,DK,quantile,0.7,95.77556962889574
2025-05-28,ILI incidence,2025-05-25,1,DK,quantile,0.75,99.15918049644165
2025-05-28,ILI incidence,2025-05-25,1,DK,quantile,0.8,102.38811558929282
2025-05-28,ILI incidence,2025-05-25,1,DK,quantile,0.85,105.99389613424246
2025-05-28,ILI incidence,2025-05-25,1,DK,quantile,0.9,109.75832470553155
2025-05-28,ILI incidence,2025-05-25,1,DK,quantile,0.95,112.57191983791282
2025-05-28,ILI incidence,2025-05-25,1,DK,quantile,0.975,113.58125494600411
2025-05-28,ILI incidence,2025-05-25,1,DK,quantile,0.99,116.14393343732529
2025-05-28,ILI incidence,2025-06-01,2,DK,quantile,0.01,59.42755490695671
2025-05-28,ILI incidence,2025-06-01,2,DK,quantile,0.025,60.48429199561634
2025-05-28,ILI incidence,2025-06-01,2,DK,quantile,0.05,61.79342198464275
2025-05-28,ILI incidence,2025-06-01,2,DK,quantile,0.1,63.28048643069739
2025-05-28,ILI incidence,2025-06-01,2,DK,quantile,0.15,65.93723617238223
2025-05-28,ILI incidence,2025-06-01,2,DK,quantile,0.2,68.38854197667527
2025-05-28,ILI incidence,2025-06-01,2,DK,quantile,0.25,71.59316747098443
2025-05-28,ILI incidence,2025-06-01,2,DK,quantile,0.3,75.16861536614798
2025-05-28,ILI incidence,2025-06-01,2,DK,quantile,0.35,77.4856426481367
2025-05-28,ILI incidence,2025-06-01,2,DK,quantile,0.4,79.63889944892226
2025-05-28,ILI incidence,2025-06-01,2,DK,quantile,0.45,80.31835669011143
2025-05-28,ILI incidence,2025-06-01,2,DK,quantile,0.5,83.10116259807805
2025-05-28,ILI incidence,2025-06-01,2,DK,quantile,0.55,84.64747959912278
2025-05-28,ILI incidence,2025-06-01,2,DK,quantile,0.6,87.28933428528728
2025-05-28,ILI incidence,2025-06-01,2,DK,quantile,0.65,89.55299115667543
2025-05-28,ILI incidence,2025-06-01,2,DK,quantile,0.7,91.32715527162411
2025-05-28,ILI incidence,2025-06-01,2,DK,quantile,0.75,94.83237116811695
2025-05-28,ILI incidence,2025-06-01,2,DK,quantile,0.8,96.30982764381287
2025-05-28,ILI incidence,2025-06-01,2,DK,quantile,0.85,97.1063869175259
2025-05-28,ILI incidence,2025-06-01,2,DK,quantile,0.9,98.69385979300264
2025-05-28,ILI incidence,2025-06-01,2,DK,quantile,0.95,101.90078051478902
2025-05-28,ILI incidence,2025-06-01,2,DK,quantile,0.975,106.67920148889115
2025-05-28,ILI incidence,2025-06-01,2,DK,quantile,0.99,114.36420843564576
2025-05-28,ILI incidence,2025-05-11,-1,EE,quantile,0.01,153.08221852455122
2025-05-28,ILI incidence,2025-05-11,-1,EE,quantile,0.025,157.68206728727947
2025-05-28,ILI incidence,2025-05-11,-1,EE,quantile,0.05,162.55713663921435
2025-05-28,ILI incidence,2025-05-11,-1,EE,quantile,0.1,174.7926932612808
2025-05-28,ILI incidence,2025-05-11,-1,EE,quantile,0.15,184.04241043797768
2025-05-28,ILI incidence,2025-05-11,-1,EE,quantile,0.2,188.10085153333677
2025-05-28,ILI incidence,2025-05-11,-1,EE,quantile,0.25,190.87849179409557
2025-05-28,ILI incidence,2025-05-11,-1,EE,quantile,0.3,193.5325263071073
2025-05-28,ILI incidence,2025-05-11,-1,EE,quantile,0.35,199.1213268397683
2025-05-28,ILI incidence,2025-05-11,-1,EE,quantile,0.4,205.01980238876556
2025-05-28,ILI incidence,2025-05-11,-1,EE,quantile,0.45,206.4192004103639
2025-05-28,ILI incidence,2025-05-11,-1,EE,quantile,0.5,208.38275860189944
2025-05-28,ILI incidence,2025-05-11,-1,EE,quantile,0.55,216.45448168450758
2025-05-28,ILI incidence,2025-05-11,-1,EE,quantile,0.6,218.35374688125552
2025-05-28,ILI incidence,2025-05-11,-1,EE,quantile,0.65,219.97308114602774
2025-05-28,ILI incidence,2025-05-11,-1,EE,quantile,0.7,224.95009827663102
2025-05-28,ILI incidence,2025-05-11,-1,EE,quantile,0.75,226.62611973316626
2025-05-28,ILI incidence,2025-05-11,-1,EE,quantile,0.8,231.53310045565888
2025-05-28,ILI incidence,2025-05-11,-1,EE,quantile,0.85,234.9620151509085
2025-05-28,ILI incidence,2025-05-11,-1,EE,quantile,0.9,237.82602791117674
2025-05-28,ILI incidence,2025-05-11,-1,EE,quantile,0.95,243.52331477833152
2025-05-28,ILI incidence,2025-05-11,-1,EE,quantile,0.975,244.20942743462047
2025-05-28,ILI incidence,2025-05-11,-1,EE,quantile,0.99,248.35716783035087
2025-05-28,ILI incidence,2025-05-18,0,EE,quantile,0.01,147.4175702603634
2025-05-28,ILI incidence,2025-05-18,0,EE,quantile,0.025,149.81103578014682
2025-05-28,ILI incidence,2025-05-18,0,EE,quantile,0.05,153.19547172747411
2025-05-28,ILI incidence,2025-05-18,0,EE,quantile,0.1,153.7611529064591
2025-05-28,ILI incidence,2025-05-18,0,EE,quantile,0.15,157.37040208198306
2025-05-28,ILI incidence,2025-05-18,0,EE,quantile,0.2,163.31419923977606
2025-05-28,ILI incidence,2025-05-18,0,EE,quantile,0.25,165.0306615298319
2025-05-28,ILI incidence,2025-05-18,0,EE,quantile,0.3,167.76245971454273
2025-05-28,ILI incidence,2025-05-18,0,EE,quantile,0.35,172.64732729172368
2025-05-28,ILI incidence,2025-05-18,0,EE,quantile,0.4,179.4237744088644
2025-05-28,ILI incidence,2025-05-18,0,EE,quantile,0.45,182.7333581066532
2025-05-28,ILI incidence,2025-05-18,0,EE,quantile,0.5,188.72531417314315
2025-05-28,ILI incidence,2025-05-18,0,EE,quantile,0.55,192.41676188756824
2025-05-28,ILI incidence,2025-05-18,0,EE,quantile,0.6,199.4433704365286
2025-05-28,ILI incidence,2025-05-18,0,EE,quantile,0.65,201.25829411975036
2025-05-28,ILI incidence,2025-05-18,0,EE,quantile,0.7,203.09388123335765
2025-05-28,ILI incidence,2025-05-18,0,EE,quantile,0.75,203.9241020598702
2025-05-28,ILI incidence,2025-05-18,0,EE,quantile,0.8,207.31466315935955
2025-05-28,ILI incidence,2025-05-18,0,EE,quantile,0.85,211.82916932930522
2025-05-28,ILI incidence,2025-05-18,0,EE,quantile,0.9,222.1007803311395
2025-05-28,ILI incidence,2025-05-18,0,EE,quantile,0.95,232.39403027009544
2025-05-28,ILI incidence,2025-05-18,0,EE,quantile,0.975,236.82416081016422
2025-05-28,ILI incidence,2025-05-18,0,EE,quantile,0.99,240.61751917737092
2025-05-28,ILI incidence,2025-05-25,1,EE,quantile,0.01,110.58813112758145
2025-05-28,ILI incidence,2025-05-25,1,EE,quantile,0.025,115.67394941183348
2025-05-28,ILI incidence,2025-05-25,1,EE,quantile,0.05,121.12643141410508
2025-05-28,ILI incidence,2025-05-25,1,EE,quantile,0.1,123.77050798518115
2025-05-28,ILI incidence,2025-05-25,1,EE,quantile,0.15,137.96399100036473
2025-05-28,ILI incidence,2025-05-25,1,EE,quantile,0.2,141.3824966735955
2025-05-28,ILI incidence,2025-05-25,1,EE,quantile,0.25,144.6356631858595
2025-05-28,ILI incidence,2025-05-25,1,EE,quantile,0.3,149.8670628221567
2025-05-28,ILI incidence,2025-05-25,1,EE,quantile,0.35,154.36980263195926
2025-05-28,ILI incidence,2025-05-25,1,EE,quantile,0.4,157.71241573484008
2025-05-28,ILI incidence,2025-05-25,1,EE,quantile,0.45,163.88078158027432
2025-05-28,ILI incidence,2025-05-25,1,EE,quantile,0.5,165.55965909406044
2025-05-28,ILI incidence,2025-05-25,1,EE,quantile,0.55,171.40508402554278
2025-05-28,ILI incidence,2025-05-25,1,EE,quantile,0.6,173.5189285702399
2025-05-28,ILI incidence,2025-05-25,1,EE,quantile,0.65,177.32790802729164
2025-05-28,ILI incidence,2025-05-25,1,EE,quantile,0.7,180.97282454945497
2025-05-28,ILI incidence,2025-05-25,1,EE,quantile,0.75,185.99945010066847
2025-05-28,ILI incidence,2025-05-25,1,EE,quantile,0.8,189.66111382252885
2025-05-28,ILI incidence,2025-05-25,1,EE,quantile,0.85,194.61426713236537
2025-05-28,ILI incidence,2025-05-25,1,EE,quantile,0.9,201.38243778534184
2025-05-28,ILI incidence,2025-05-25,1,EE,quantile,0.95,211.5552174559296
2025-05-28,ILI incidence,2025-05-25,1,EE,quantile,0.975,212.9317319125474
2025-05-28,ILI incidence,2025-05-25,1,EE,quantile,0.99,219.96444610837926
2025-05-28,ILI incidence,2025-06-01,2,EE,quantile,0.01,106.30274774768027
2025-05-28,ILI incidence,2025-06-01,2,EE,quantile,0.025,108.3062453877722
2025-05-28,ILI incidence,2025-06-01,2,EE,quantile,0.05,110.5165546181907
2025-05-28,ILI incidence,2025-06-01,2,EE,quantile,0.1,113.8277365518277
2025-05-28,ILI incidence,2025-06-01,2,EE,quantile,0.15,121.37218894549189
2025-05-28,ILI incidence,2025-06-01,2,EE,quantile,0.2,126.21414756687707
2025-05-28,ILI incidence,2025-06-01,2,EE,quantile,0.25,133.52607798234888
2025-05-28,ILI incidence,2025-06-01,2,EE,quantile,0.3,140.6768550345402
2025-05-28,ILI incidence,2025-06-01,2,EE,quantile,0.35,141.20202478907893
2025-05-28,ILI incidence,2025-06-01,2,EE,quantile,0.4,147.9574620043592
2025-05-28,ILI incidence,2025-06-01,2,EE,quantile,0.45,151.94290427387403
2025-05-28,ILI incidence,2025-06-01,2,EE,quantile,0.5,153.28420519099
2025-05-28,ILI incidence,2025-06-01,2,EE,quantile,0.55,157.09788150159687
2025-05-28,ILI incidence,2025-06-01,2,EE,quantile,0.6,158.38658990914928
2025-05-28,ILI incidence,2025-06-01,2,EE,quantile,0.65,161.83498112326927
2025-05-28,ILI incidence,2025-06-01,2,EE,quantile,0.7,162.8849682555516
2025-05-28,ILI incidence,2025-06-01,2,EE,quantile,0.75,168.93746984787205
2025-05-28,ILI incidence,2025-06-01,2,EE,quantile,0.8,172.32540109380014
2025-05-28,ILI incidence,2025-06-01,2,EE,quantile,0.85,175.26466474600144
2025-05-28,ILI incidence,2025-06-01,2,EE,quantile,0.9,179.07039758916937
2025-05-28,ILI incidence,2025-06-01,2,EE,quantile,0.95,182.55891149123642
2025-05-28,ILI incidence,2025-06-01,2,EE,quantile,0.975,205.72393936567306
2025-05-28,ILI incidence,2025-06-01,2,EE,quantile,0.99,219.13035836125135
2025-05-28,ILI incidence,2025-05-11,-1,FI,quantile,0.01,13.726859434476903
2025-05-28,ILI incidence,2025-05-11,-1,FI,quantile,0.025,14.698633306445492
2025-05-28,ILI incidence,2025-05-11,-1,FI,quantile,0.05,17.21816705939698
2025-05-28,ILI incidence,2025-05-11,-1,FI,quantile,0.1,20.062725712640873
2025-05-28,ILI incidence,2025-05-11,-1,FI,quantile,0.15,22.123010349576752
2025-05-28,ILI incidence,2025-05-11,-1,FI,quantile,0.2,22.803355422653134
2025-05-28,ILI incidence,2025-05-11,-1,FI,quantile,0.25,24.237781060476475
2025-05-28,ILI incidence,2025-05-11,-1,FI,quantile,0.3,25.848922676968225
2025-05-28,ILI incidence,2025-05-11,-1,FI,quantile,0.35,26.696823017530264
2025-05-28,ILI incidence,2025-05-11,-1,FI,quantile,0.4,29.79717593082824
2025-05-28,ILI incidence,2025-05-11,-1,FI,quantile,0.45,30.48667516381336
2025-05-28,ILI incidence,2025-05-11,-1,FI,quantile,0.5,31.468504071264896
2025-05-28,ILI incidence,2025-05-11,-1,FI,quantile,0.55,33.70877368370469
2025-05-28,ILI incidence,2025-05-11,-1,FI,quantile,0.6,35.08536501836239
2025-05-28,ILI incidence,2025-05-11,-1,FI,quantile,0.65,35.93690820510478
2025-05-28,ILI incidence,2025-05-11,-1,FI,quantile,0.7,36.185194767602056
2025-05-28,ILI incidence,2025-05-11,-1,FI,quantile,0.75,37.06658785711032
2025-05-28,ILI incidence,2025-05-11,-1,FI,quantile,0.8,37.33493374860469
2025-05-28,ILI incidence,2025-05-11,-1,FI,quantile,0.85,41.32243139500795
2025-05-28,ILI incidence,2025-05-11,-1,FI,quantile,0.9,43.974845870320515
2025-05-28,ILI incidence,2025-05-11,-1,FI,quantile,0.95,48.22681245827647
2025-05-28,ILI incidence,2025-05-11,-1,FI,quantile,0.975,50.167353047137155
2025-05-28,ILI incidence,2025-05-11,-1,FI,quantile,0.99,51.38615477135157
2025-05-28,ILI incidence,2025-05-18,0,FI,quantile,0.01,10.822338280130088
2025-05-28,ILI incidence,2025-05-18,0,FI,quantile,0.025,11.99761999598605
2025-05-28,ILI incidence,2025-05-18,0,FI,quantile,0.05,13.717841761651547
2025-05-28,ILI incidence,2025-05-18,0,FI,quantile,0.1,16.664288722948108
2025-05-28,ILI incidence,2025-05-18,0,FI,quantile,0.15,18.321965131077526
2025-05-28,ILI incidence,2025-05-18,0,FI,quantile,0.2,19.076390691003926
2025-05-28,ILI incidence,2025-05-18,0,FI,quantile,0.25,19.78228183208992
2025-05-28,ILI incidence,2025-05-18,0,FI,quantile,0.3,20.885056125929445
2025-05-28,ILI incidence,2025-05-18,0,FI,quantile,0.35,21.047048883405818
2025-05-28,ILI incidence,2025-05-18,0,FI,quantile,0.4,22.14227761902317
2025-05-28,ILI incidence,2025-05-18,0,FI,quantile,0.45,23.5740669891362
2025-05-28,ILI incidence,2025-05-18,0,FI,quantile,0.5,24.490524336422
2025-05-28,ILI incidence,2025-05-18,0,FI,quantile,0.55,25.555319161971564
2025-05-28,ILI incidence,2025-05-18,0,FI,quantile,0.6,25.765865287896258
2025-05-28,ILI incidence,2025-05-18,0,FI,quantile,0.65,26.66801377720471
2025-05-28,ILI incidence,2025-05-18,0,FI,quantile,0.7,28.098570786967105
2025-05-28,ILI incidence,2025-05-18,0,FI,quantile,0.75,30.374828180951326
2025-05-28,ILI incidence,2025-05-18,0,FI,quantile,0.8,30.753504846008358
2025-05-28,ILI incidence,2025-05-18,0,FI,quantile,0.85,32.85905923232844
2025-05-28,ILI incidence,2025-05-18,0,FI,quantile,0.9,34.274495154871715
2025-05-28,ILI incidence,2025-05-18,0,FI,quantile,0.95,39.96984177065921
2025-05-28,ILI incidence,2025-05-18,0,FI,quantile,0.975,41.6563061908887
2025-05-28,ILI incidence,2025-05-18,0,FI,quantile,0.99,41.9566554691161
2025-05-28,ILI incidence,2025-05-25,1,FI,quantile,0.01,7.569270319997283
2025-05-28,ILI incidence,2025-05-25,1,FI,quantile,0.025,9.676473227388563
2025-05-28,ILI incidence,2025-05-25,1,FI,quantile,0.05,10.803347920507491
2025-05-28,ILI incidence,2025-05-25,1,FI,quantile,0.1,12.308004309504588
2025-05-28,ILI incidence,2025-05-25,1,FI,quantile,0.15,13.629610239920842
2025-05-28,ILI incidence,2025-05-25,1,FI,quantile,0.2,14.127080570518238
2025-05-28,ILI incidence,2025-05-25,1,FI,quantile,0.25,14.68578151641477
2025-05-28,ILI incidence,2025-05-25,1,FI,quantile,0.3,16.25714791597106
2025-05-28,ILI incidence,2025-05-25,1,FI,quantile,0.35,16.486624708660848
2025-05-28,ILI incidence,2025-05-25,1,FI,quantile,0.4,16.69273480050861
2025-05-28,ILI incidence,2025-05-25,1,FI,quantile,0.45,17.24045623450507
2025-05-28,ILI incidence,2025-05-25,1,FI,quantile,0.5,17.607029028613947
2025-05-28,ILI incidence,2025-05-25,1,FI,quantile,0.55,18.25301174557853
2025-05-28,ILI incidence,2025-05-25,1,FI,quantile,0.6,18.772406071026435
2025-05-28,ILI incidence,2025-05-25,1,FI,quantile,0.65,20.06028771840383
2025-05-28,ILI incidence,2025-05-25,1,FI,quantile,0.7,21.729719773383277
2025-05-28,ILI incidence,2025-05-25,1,FI,quantile,0.75,23.672603942933666
2025-05-28,ILI incidence,2025-05-25,1,FI,quantile,0.8,24.74316361493559
2025-05-28,ILI incidence,2025-05-25,1,FI,quantile,0.85,25.682643815580146
2025-05-28,ILI incidence,2025-05-25,1,FI,quantile,0.9,29.312704370147276
2025-05-28,ILI incidence,2025-05-25,1,FI,quantile,0.95,31.92319338305806
2025-05-28,ILI incidence,2025-05-25,1,FI,quantile,0.975,36.199959537994125
2025-05-28,ILI incidence,2025-05-25,1,FI,quantile,0.99,37.886569851651586
2025-05-28,ILI incidence,2025-06-01,2,FI,quantile,0.01,3.9084466056362395
2025-05-28,ILI incidence,2025-06-01,2,FI,quantile,0.025,5.5227229114180325
2025-05-28,ILI incidence,2025-06-01,2,FI,quantile,0.05,5.960265251354698
2025-05-28,ILI incidence,2025-06-01,2,FI,quantile,0.1,7.05361992169029
2025-05-28,ILI incidence,2025-06-01,2,FI,quantile,0.15,7.735078633891659
2025-05-28,ILI incidence,2025-06-01,2,FI,quantile,0.2,8.221969316277894
2025-05-28,ILI incidence,2025-06-01,2,FI,quantile,0.25,8.580297251939559
2025-05-28,ILI incidence,2025-06-01,2,FI,quantile,0.3,9.352690126509135
2025-05-28,ILI incidence,2025-06-01,2,FI,quantile,0.35,9.909826555003994
2025-05-28,ILI incidence,2025-06-01,2,FI,quantile,0.4,10.727857970237373
2025-05-28,ILI incidence,2025-06-01,2,FI,quantile,0.45,11.332343926147658
2025-05-28,ILI incidence,2025-06-01,2,FI,quantile,0.5,11.791933387987653
2025-05-28,ILI incidence,2025-06-01,2,FI,quantile,0.55,13.046422528376649
2025-05-28,ILI incidence,2025-06-01,2,FI,quantile,0.6,14.08183569560254
2025-05-28,ILI incidence,2025-06-01,2,FI,quantile,0.65,15.840713530791515
2025-05-28,ILI incidence,2025-06-01,2,FI,quantile,0.7,17.0747250961288
2025-05-28,ILI incidence,2025-06-01,2,FI,quantile,0.75,17.785969769032512
2025-05-28,ILI incidence,2025-06-01,2,FI,quantile,0.8,19.21116206685896
2025-05-28,ILI incidence,2025-06-01,2,FI,quantile,0.85,21.35514668843903
2025-05-28,ILI incidence,2025-06-01,2,FI,quantile,0.9,23.353986520527606
2025-05-28,ILI incidence,2025-06-01,2,FI,quantile,0.95,25.34988595755289
2025-05-28,ILI incidence,2025-06-01,2,FI,quantile,0.975,28.884751812986874
2025-05-28,ILI incidence,2025-06-01,2,FI,quantile,0.99,31.862504087657975
2025-05-28,ILI incidence,2025-05-11,-1,GR,quantile,0.01,465.29609397219235
2025-05-28,ILI incidence,2025-05-11,-1,GR,quantile,0.025,467.91221795020726
2025-05-28,ILI incidence,2025-05-11,-1,GR,quantile,0.05,473.0552260157135
2025-05-28,ILI incidence,2025-05-11,-1,GR,quantile,0.1,474.1301403397332
2025-05-28,ILI incidence,2025-05-11,-1,GR,quantile,0.15,483.0365184388039
2025-05-28,ILI incidence,2025-05-11,-1,GR,quantile,0.2,488.93151487805545
2025-05-28,ILI incidence,2025-05-11,-1,GR,quantile,0.25,493.8792793909553
2025-05-28,ILI incidence,2025-05-11,-1,GR,quantile,0.3,499.2882152760091
2025-05-28,ILI incidence,2025-05-11,-1,GR,quantile,0.35,503.0544027317797
2025-05-28,ILI incidence,2025-05-11,-1,GR,quantile,0.4,506.87519235491527
2025-05-28,ILI incidence,2025-05-11,-1,GR,quantile,0.45,509.3546249076944
2025-05-28,ILI incidence,2025-05-11,-1,GR,quantile,0.5,511.7002048505542
2025-05-28,ILI incidence,2025-05-11,-1,GR,quantile,0.55,515.8737911874904
2025-05-28,ILI incidence,2025-05-11,-1,GR,quantile,0.6,520.6533618354451
2025-05-28,ILI incidence,2025-05-11,-1,GR,quantile,0.65,523.5932547233525
2025-05-28,ILI incidence,2025-05-11,-1,GR,quantile,0.7,525.6001644425081
2025-05-28,ILI incidence,2025-05-11,-1,GR,quantile,0.75,531.053151632691
2025-05-28,ILI incidence,2025-05-11,-1,GR,quantile,0.8,537.5469397293487
2025-05-28,ILI incidence,2025-05-11,-1,GR,quantile,0.85,539.1457505898285
2025-05-28,ILI incidence,2025-05-11,-1,GR,quantile,0.9,548.4177545455642
2025-05-28,ILI incidence,2025-05-11,-1,GR,quantile,0.95,552.2672215430396
2025-05-28,ILI incidence,2025-05-11,-1,GR,quantile,0.975,554.7199846281635
2025-05-28,ILI incidence,2025-05-11,-1,GR,quantile,0.99,557.9009920849583
2025-05-28,ILI incidence,2025-05-18,0,GR,quantile,0.01,440.41611002062973
2025-05-28,ILI incidence,2025-05-18,0,GR,quantile,0.025,443.2230804588272
2025-05-28,ILI incidence,2025-05-18,0,GR,quantile,0.05,451.63323496345345
2025-05-28,ILI incidence,2025-05-18,0,GR,quantile,0.1,461.65920877258384
2025-05-28,ILI incidence,2025-05-18,0,GR,quantile,0.15,464.74673676376875
2025-05-28,ILI incidence,2025-05-18,0,GR,quantile,0.2,465.7766081806237
2025-05-28,ILI incidence,2025-05-18,0,GR,quantile,0.25,470.5011214269215
2025-05-28,ILI incidence,2025-05-18,0,GR,quantile,0.3,473.8417725258768
2025-05-28,ILI incidence,2025-05-18,0,GR,quantile,0.35,476.6941755561836
2025-05-28,ILI incidence,2025-05-18,0,GR,quantile,0.4,479.2168419565584
2025-05-28,ILI incidence,2025-05-18,0,GR,quantile,0.45,481.21988901508826
2025-05-28,ILI incidence,2025-05-18,0,GR,quantile,0.5,483.89885178064384
2025-05-28,ILI incidence,2025-05-18,0,GR,quantile,0.55,486.6869495411324
2025-05-28,ILI incidence,2025-05-18,0,GR,quantile,0.6,488.78353271522525
2025-05-28,ILI incidence,2025-05-18,0,GR,quantile,0.65,493.77561525526795
2025-05-28,ILI incidence,2025-05-18,0,GR,quantile,0.7,495.00308320381595
2025-05-28,ILI incidence,2025-05-18,0,GR,quantile,0.75,497.08656187160955
2025-05-28,ILI incidence,2025-05-18,0,GR,quantile,0.8,506.14246164150603
2025-05-28,ILI incidence,2025-05-18,0,GR,quantile,0.85,511.0497274079692
2025-05-28,ILI incidence,2025-05-18,0,GR,quantile,0.9,518.9072494246996
2025-05-28,ILI incidence,2025-05-18,0,GR,quantile,0.95,521.0984639741512
2025-05-28,ILI incidence,2025-05-18,0,GR,quantile,0.975,523.1531325391584
2025-05-28,ILI incidence,2025-05-18,0,GR,quantile,0.99,524.5223081841978
2025-05-28,ILI incidence,2025-05-25,1,GR,quantile,0.01,428.1468639173546
2025-05-28,ILI incidence,2025-05-25,1,GR,quantile,0.025,438.7843045677935
2025-05-28,ILI incidence,2025-05-25,1,GR,quantile,0.05,441.26336781547445
2025-05-28,ILI incidence,2025-05-25,1,GR,quantile,0.1,443.2756795933962
2025-05-28,ILI incidence,2025-05-25,1,GR,quantile,0.15,447.0492618714049
2025-05-28,ILI incidence,2025-05-25,1,GR,quantile,0.2,449.56424512009005
2025-05-28,ILI incidence,2025-05-25,1,GR,quantile,0.25,453.1046747381075
2025-05-28,ILI incidence,2025-05-25,1,GR,quantile,0.3,461.10601647393503
2025-05-28,ILI incidence,2025-05-25,1,GR,quantile,0.35,464.8230624597523
2025-05-28,ILI incidence,2025-05-25,1,GR,quantile,0.4,466.13022775958166
2025-05-28,ILI incidence,2025-05-25,1,GR,quantile,0.45,470.462615791492
2025-05-28,ILI incidence,2025-05-25,1,GR,quantile,0.5,471.7581851717912
2025-05-28,ILI incidence,2025-05-25,1,GR,quantile,0.55,474.8792457486937
2025-05-28,ILI incidence,2025-05-25,1,GR,quantile,0.6,478.70398851561737
2025-05-28,ILI incidence,2025-05-25,1,GR,quantile,0.65,480.45084760236165
2025-05-28,ILI incidence,2025-05-25,1,GR,quantile,0.7,482.8658838640441
2025-05-28,ILI incidence,2025-05-25,1,GR,quantile,0.75,483.7290737073971
2025-05-28,ILI incidence,2025-05-25,1,GR,quantile,0.8,487.7928507085916
2025-05-28,ILI incidence,2025-05-25,1,GR,quantile,0.85,490.52955079770135
2025-05-28,ILI incidence,2025-05-25,1,GR,quantile,0.9,493.60536782793696
2025-05-28,ILI incidence,2025-05-25,1,GR,quantile,0.95,503.5645904111088
2025-05-28,ILI incidence,2025-05-25,1,GR,quantile,0.975,506.8433329994551
2025-05-28,ILI incidence,2025-05-25,1,GR,quantile,0.99,508.72344332093
2025-05-28,ILI incidence,2025-06-01,2,GR,quantile,0.01,413.9858420263492
2025-05-28,ILI incidence,2025-06-01,2,GR,quantile,0.025,419.0243253204346
2025-05-28,ILI incidence,2025-06-01,2,GR,quantile,0.05,425.6204785296416
2025-05-28,ILI incidence,2025-06-01,2,GR,quantile,0.1,431.31441175611747
2025-05-28,ILI incidence,2025-06-01,2,GR,quantile,0.15,434.60267669825924
2025-05-28,ILI incidence,2025-06-01,2,GR,quantile,0.2,436.1632072855047
2025-05-28,ILI incidence,2025-06-01,2,GR,quantile,0.25,438.255708325356
2025-05-28,ILI incidence,2025-06-01,2,GR,quantile,0.3,441.8834644519874
2025-05-28,ILI incidence,2025-06-01,2,GR,quantile,0.35,445.35361327215327
2025-05-28,ILI incidence,2025-06-01,2,GR,quantile,0.4,448.66794017330375
2025-05-28,ILI incidence,2025-06-01,2,GR,quantile,0.45,453.109461324163
2025-05-28,ILI incidence,2025-06-01,2,GR,quantile,0.5,456.5030795412728
2025-05-28,ILI incidence,2025-06-01,2,GR,quantile,0.55,460.45975901538793
2025-05-28,ILI incidence,2025-06-01,2,GR,quantile,0.6,461.90181215706633
2025-05-28,ILI incidence,2025-06-01,2,GR,quantile,0.65,462.66769526840903
2025-05-28,ILI incidence,2025-06-01,2,GR,quantile,0.7,464.75290186634476
2025-05-28,ILI incidence,2025-06-01,2,GR,quantile,0.75,466.56520190433156
2025-05-28,ILI incidence,2025-06-01,2,GR,quantile,0.8,469.9780095204149
2025-05-28,ILI incidence,2025-06-01,2,GR,quantile,0.85,470.8641368708216
2025-05-28,ILI incidence,2025-06-01,2,GR,quantile,0.9,473.86188150747466
2025-05-28,ILI incidence,2025-06-01,2,GR,quantile,0.95,487.8912584551314
2025-05-28,ILI incidence,2025-06-01,2,GR,quantile,0.975,492.6510832878591
2025-05-28,ILI incidence,2025-06-01,2,GR,quantile,0.99,495.0808378238933
2025-05-28,ILI incidence,2025-05-11,-1,IS,quantile,0.01,0.12067100909356755
2025-05-28,ILI incidence,2025-05-11,-1,IS,quantile,0.025,0.1818829126042864
2025-05-28,ILI incidence,2025-05-11,-1,IS,quantile,0.05,0.2576214048749595
2025-05-28,ILI incidence,2025-05-11,-1,IS,quantile,0.1,0.3385728840529215
2025-05-28,ILI incidence,2025-05-11,-1,IS,quantile,0.15,0.4036774118055986
2025-05-28,ILI incidence,2025-05-11,-1,IS,quantile,0.2,0.4805173085937757
2025-05-28,ILI incidence,2025-05-11,-1,IS,quantile,0.25,0.5944902993312696
2025-05-28,ILI incidence,2025-05-11,-1,IS,quantile,0.3,0.6504169476869996
2025-05-28,ILI incidence,2025-05-11,-1,IS,quantile,0.35,0.7525246275998155
2025-05-28,ILI incidence,2025-05-11,-1,IS,quantile,0.4,0.7996825951537636
2025-05-28,ILI incidence,2025-05-11,-1,IS,quantile,0.45,0.8512840531836264
2025-05-28,ILI incidence,2025-05-11,-1,IS,quantile,0.5,0.883439998042084
2025-05-28,ILI incidence,2025-05-11,-1,IS,quantile,0.55,1.0788451963535222
2025-05-28,ILI incidence,2025-05-11,-1,IS,quantile,0.6,1.2540684944104628
2025-05-28,ILI incidence,2025-05-11,-1,IS,quantile,0.65,1.3731180411948525
2025-05-28,ILI incidence,2025-05-11,-1,IS,quantile,0.7,1.5708217570093113
2025-05-28,ILI incidence,2025-05-11,-1,IS,quantile,0.75,1.7325196943136134
2025-05-28,ILI incidence,2025-05-11,-1,IS,quantile,0.8,1.919304140617931
2025-05-28,ILI incidence,2025-05-11,-1,IS,quantile,0.85,2.078230762978957
2025-05-28,ILI incidence,2025-05-11,-1,IS,quantile,0.9,2.1716547878197856
2025-05-28,ILI incidence,2025-05-11,-1,IS,quantile,0.95,2.254640614008857
2025-05-28,ILI incidence,2025-05-11,-1,IS,quantile,0.975,2.452778615764228
2025-05-28,ILI incidence,2025-05-11,-1,IS,quantile,0.99,2.542600457988214
2025-05-28,ILI incidence,2025-05-18,0,IS,quantile,0.01,0.05447199726966768
2025-05-28,ILI incidence,2025-05-18,0,IS,quantile,0.025,0.11024719101370865
2025-05-28,ILI incidence,2025-05-18,0,IS,quantile,0.05,0.15469604636095652
2025-05-28,ILI incidence,2025-05-18,0,IS,quantile,0.1,0.3233862030581555
2025-05-28,ILI incidence,2025-05-18,0,IS,quantile,0.15,0.4550024880303422
2025-05-28,ILI incidence,2025-05-18,0,IS,quantile,0.2,0.5260549751998689
2025-05-28,ILI incidence,2025-05-18,0,IS,quantile,0.25,0.6040222117119095
2025-05-28,ILI incidence,2025-05-18,0,IS,quantile,0.3,0.6619495835805539
2025-05-28,ILI incidence,2025-05-18,0,IS,quantile,0.35,0.7551460187935197
2025-05-28,ILI incidence,2025-05-18,0,IS,quantile,0.4,0.8080121234301345
2025-05-28,ILI incidence,2025-05-18,0,IS,quantile,0.45,0.839252504383393
2025-05-28,ILI incidence,2025-05-18,0,IS,quantile,0.5,0.8645654150017689
2025-05-28,ILI incidence,2025-05-18,0,IS,quantile,0.55,0.8939182474170065
2025-05-28,ILI incidence,2025-05-18,0,IS,quantile,0.6,1.0644899078431402
2025-05-28,ILI incidence,2025-05-18,0,IS,quantile,0.65,1.216534948186967
2025-05-28,ILI incidence,2025-05-18,0,IS,quantile,0.7,1.4154841406120162
2025-05-28,ILI incidence,2025-05-18,0,IS,quantile,0.75,1.7083606475897823
2025-05-28,ILI incidence,2025-05-18,0,IS,quantile,0.8,1.7825205061976257
2025-05-28,ILI incidence,2025-05-18,0,IS,quantile,0.85,1.901231236181367
2025-05-28,ILI incidence,2025-05-18,0,IS,quantile,0.9,2.0256809640603883
2025-05-28,ILI incidence,2025-05-18,0,IS,quantile,0.95,2.166812993654385
2025-05-28,ILI incidence,2025-05-18,0,IS,quantile,0.975,2.300829823383113
2025-05-28,ILI incidence,2025-05-18,0,IS,quantile,0.99,2.4750754469138614
2025-05-28,ILI incidence,2025-05-25,1,IS,quantile,0.01,0.1539877079151403
2025-05-28,ILI incidence,2025-05-25,1,IS,quantile,0.025,0.2028550460121581
2025-05-28,ILI incidence,2025-05-25,1,IS,quantile,0.05,0.2970580455992087
2025-05-28,ILI incidence,2025-05-25,1,IS,quantile,0.1,0.3380566143699101
2025-05-28,ILI incidence,2025-05-25,1,IS,quantile,0.15,0.3513591268383688
2025-05-28,ILI incidence,2025-05-25,1,IS,quantile,0.2,0.4267192114207727
2025-05-28,ILI incidence,2025-05-25,1,IS,quantile,0.25,0.4909443781814351
2025-05-28,ILI incidence,2025-05-25,1,IS,quantile,0.3,0.5337561005621875
2025-05-28,ILI incidence,2025-05-25,1,IS,quantile,0.35,0.5831681496810064
2025-05-28,ILI incidence,2025-05-25,1,IS,quantile,0.4,0.6176936273615635
2025-05-28,ILI incidence,2025-05-25,1,IS,quantile,0.45,0.6765171116197454
2025-05-28,ILI incidence,2025-05-25,1,IS,quantile,0.5,0.7879137817654731
2025-05-28,ILI incidence,2025-05-25,1,IS,quantile,0.55,0.9228253634834873
2025-05-28,ILI incidence,2025-05-25,1,IS,quantile,0.6,0.9635177026904842
2025-05-28,ILI incidence,2025-05-25,1,IS,quantile,0.65,1.1282092172940117
2025-05-28,ILI incidence,2025-05-25,1,IS,quantile,0.7,1.1936705303521966
2025-05-28,ILI incidence,2025-05-25,1,IS,quantile,0.75,1.289718597770158
2025-05-28,ILI incidence,2025-05-25,1,IS,quantile,0.8,1.3660488153460113
2025-05-28,ILI incidence,2025-05-25,1,IS,quantile,0.85,1.5154953490636434
2025-05-28,ILI incidence,2025-05-25,1,IS,quantile,0.9,1.7154793844221057
2025-05-28,ILI incidence,2025-05-25,1,IS,quantile,0.95,1.8195317977842196
2025-05-28,ILI incidence,2025-05-25,1,IS,quantile,0.975,1.8582725480005418
2025-05-28,ILI incidence,2025-05-25,1,IS,quantile,0.99,1.9359507273013052
2025-05-28,ILI incidence,2025-06-01,2,IS,quantile,0.01,0.051884951643091884
2025-05-28,ILI incidence,2025-06-01,2,IS,quantile,0.025,0.09201427328986382
2025-05-28,ILI incidence,2025-06-01,2,IS,quantile,0.05,0.10579043732701453
2025-05-28,ILI incidence,2025-06-01,2,IS,quantile,0.1,0.1418698443891813
2025-05-28,ILI incidence,2025-06-01,2,IS,quantile,0.15,0.25792612456897973
2025-05-28,ILI incidence,2025-06-01,2,IS,quantile,0.2,0.30578787139703495
2025-05-28,ILI incidence,2025-06-01,2,IS,quantile,0.25,0.3612344307889168
2025-05-28,ILI incidence,2025-06-01,2,IS,quantile,0.3,0.4172197294044183
2025-05-28,ILI incidence,2025-06-01,2,IS,quantile,0.35,0.4745921164469088
2025-05-28,ILI incidence,2025-06-01,2,IS,quantile,0.4,0.5487229898863709
2025-05-28,ILI incidence,2025-06-01,2,IS,quantile,0.45,0.5760805419024772
2025-05-28,ILI incidence,2025-06-01,2,IS,quantile,0.5,0.7075327857320737
2025-05-28,ILI incidence,2025-06-01,2,IS,quantile,0.55,0.7294267151456725
2025-05-28,ILI incidence,2025-06-01,2,IS,quantile,0.6,0.8215911625926269
2025-05-28,ILI incidence,2025-06-01,2,IS,quantile,0.65,0.9095253109463427
2025-05-28,ILI incidence,2025-06-01,2,IS,quantile,0.7,1.0880689407031334
2025-05-28,ILI incidence,2025-06-01,2,IS,quantile,0.75,1.1632073897263813
2025-05-28,ILI incidence,2025-06-01,2,IS,quantile,0.8,1.2436647684415392
2025-05-28,ILI incidence,2025-06-01,2,IS,quantile,0.85,1.4512846109837654
2025-05-28,ILI incidence,2025-06-01,2,IS,quantile,0.9,1.579057981233753
2025-05-28,ILI incidence,2025-06-01,2,IS,quantile,0.95,1.7267714241352312
2025-05-28,ILI incidence,2025-06-01,2,IS,quantile,0.975,1.9571342783657266
2025-05-28,ILI incidence,2025-06-01,2,IS,quantile,0.99,2.0170386564954232
2025-05-28,ILI incidence,2025-05-11,-1,IE,quantile,0.01,1.5154665307089155
2025-05-28,ILI incidence,2025-05-11,-1,IE,quantile,0.025,1.9439779030877515
2025-05-28,ILI incidence,2025-05-11,-1,IE,quantile,0.05,1.9554278089397739
2025-05-28,ILI incidence,2025-05-11,-1,IE,quantile,0.1,2.10250537340333
2025-05-28,ILI incidence,2025-05-11,-1,IE,quantile,0.15,2.189100774370205
2025-05-28,ILI incidence,2025-05-11,-1,IE,quantile,0.2,2.2953007980673745
2025-05-28,ILI incidence,2025-05-11,-1,IE,quantile,0.25,2.4897131653977103
2025-05-28,ILI incidence,2025-05-11,-1,IE,quantile,0.3,2.5960305165365583
2025-05-28,ILI incidence,2025-05-11,-1,IE,quantile,0.35,2.6904663001841893
2025-05-28,ILI incidence,2025-05-11,-1,IE,quantile,0.4,2.77664047024483
2025-05-28,ILI incidence,2025-05-11,-1,IE,quantile,0.45,2.9259585567351447
2025-05-28,ILI incidence,2025-05-11,-1,IE,quantile,0.5,3.152793899642379
2025-05-28,ILI incidence,2025-05-11,-1,IE,quantile,0.55,3.2380898612419156
2025-05-28,ILI incidence,2025-05-11,-1,IE,quantile,0.6,3.320189070638895
2025-05-28,ILI incidence,2025-05-11,-1,IE,quantile,0.65,3.451367159536651
2025-05-28,ILI incidence,2025-05-11,-1,IE,quantile,0.7,3.682921476119758
2025-05-28,ILI incidence,2025-05-11,-1,IE,quantile,0.75,3.7591937061584235
2025-05-28,ILI incidence,2025-05-11,-1,IE,quantile,0.8,3.8361284585424293
2025-05-28,ILI incidence,2025-05-11,-1,IE,quantile,0.85,3.9643547100247964
2025-05-28,ILI incidence,2025-05-11,-1,IE,quantile,0.9,4.066242635313148
2025-05-28,ILI incidence,2025-05-11,-1,IE,quantile,0.95,4.234973441285213
2025-05-28,ILI incidence,2025-05-11,-1,IE,quantile,0.975,4.341771308196045
2025-05-28,ILI incidence,2025-05-11,-1,IE,quantile,0.99,4.447811987464752
2025-05-28,ILI incidence,2025-05-18,0,IE,quantile,0.01,1.4559438921140098
2025-05-28,ILI incidence,2025-05-18,0,IE,quantile,0.025,1.4837022300424403
2025-05-28,ILI incidence,2025-05-18,0,IE,quantile,0.05,1.5588286281133794
2025-05-28,ILI incidence,2025-05-18,0,IE,quantile,0.1,1.6405209674761103
2025-05-28,ILI incidence,2025-05-18,0,IE,quantile,0.15,1.6957740048068746
2025-05-28,ILI incidence,2025-05-18,0,IE,quantile,0.2,1.7652405698658047
2025-05-28,ILI incidence,2025-05-18,0,IE,quantile,0.25,2.0370511268342044
2025-05-28,ILI incidence,2025-05-18,0,IE,quantile,0.3,2.1663932066193103
2025-05-28,ILI incidence,2025-05-18,0,IE,quantile,0.35,2.2465998729701906
2025-05-28,ILI incidence,2025-05-18,0,IE,quantile,0.4,2.3331226434198
2025-05-28,ILI incidence,2025-05-18,0,IE,quantile,0.45,2.475508917650959
2025-05-28,ILI incidence,2025-05-18,0,IE,quantile,0.5,2.5760880026679183
2025-05-28,ILI incidence,2025-05-18,0,IE,quantile,0.55,2.7777771424381186
2025-05-28,ILI incidence,2025-05-18,0,IE,quantile,0.6,2.826141477712564
2025-05-28,ILI incidence,2025-05-18,0,IE,quantile,0.65,2.836867211225909
2025-05-28,ILI incidence,2025-05-18,0,IE,quantile,0.7,2.8726806887963225
2025-05-28,ILI incidence,2025-05-18,0,IE,quantile,0.75,2.986819350848488
2025-05-28,ILI incidence,2025-05-18,0,IE,quantile,0.8,3.025192028704491
2025-05-28,ILI incidence,2025-05-18,0,IE,quantile,0.85,3.1598812993584384
2025-05-28,ILI incidence,2025-05-18,0,IE,quantile,0.9,3.5422312047794047
2025-05-28,ILI incidence,2025-05-18,0,IE,quantile,0.95,3.727350073256592
2025-05-28,ILI incidence,2025-05-18,0,IE,quantile,0.975,3.8203684560565803
2025-05-28,ILI incidence,2025-05-18,0,IE,quantile,0.99,4.1492280409429245
2025-05-28,ILI incidence,2025-05-25,1,IE,quantile,0.01,0.8959932301537462
2025-05-28,ILI incidence,2025-05-25,1,IE,quantile,0.025,0.9616935964387897
2025-05-28,ILI incidence,2025-05-25,1,IE,quantile,0.05,0.997230576154208
2025-05-28,ILI incidence,2025-05-25,1,IE,quantile,0.1,1.1232705711009205
2025-05-28,ILI incidence,2025-05-25,1,IE,quantile,0.15,1.2115736128586274
2025-05-28,ILI incidence,2025-05-25,1,IE,quantile,0.2,1.3028873814094262
2025-05-28,ILI incidence,2025-05-25,1,IE,quantile,0.25,1.4735725572909
2025-05-28,ILI incidence,2025-05-25,1,IE,quantile,0.3,1.5279181229357726
2025-05-28,ILI incidence,2025-05-25,1,IE,quantile,0.35,1.6385703408604289
2025-05-28,ILI incidence,2025-05-25,1,IE,quantile,0.4,1.7671204388029436
2025-05-28,ILI incidence,2025-05-25,1,IE,quantile,0.45,1.9010846994804083
2025-05-28,ILI incidence,2025-05-25,1,IE,quantile,0.5,2.013662198447478
2025-05-28,ILI incidence,2025-05-25,1,IE,quantile,0.55,2.164417265785204
2025-05-28,ILI incidence,2025-05-25,1,IE,quantile,0.6,2.2226376135151362
2025-05-28,ILI incidence,2025-05-25,1,IE,quantile,0.65,2.2499246075387687
2025-05-28,ILI incidence,2025-05-25,1,IE,quantile,0.7,2.396297629471499
2025-05-28,ILI incidence,2025-05-25,1,IE,quantile,0.75,2.4912006870312227
2025-05-28,ILI incidence,2025-05-25,1,IE,quantile,0.8,2.600541230360101
2025-05-28,ILI incidence,2025-05-25,1,IE,quantile,0.85,2.663280985485192
2025-05-28,ILI incidence,2025-05-25,1,IE,quantile,0.9,3.055061631845155
2025-05-28,ILI incidence,2025-05-25,1,IE,quantile,0.95,3.377777787022059
2025-05-28,ILI incidence,2025-05-25,1,IE,quantile,0.975,3.533734295403898
2025-05-28,ILI incidence,2025-05-25,1,IE,quantile,0.99,3.578879705403146
2025-05-28,ILI incidence,2025-06-01,2,IE,quantile,0.01,0.5049891325526662
2025-05-28,ILI incidence,2025-06-01,2,IE,quantile,0.025,0.5226679242424543
2025-05-28,ILI incidence,2025-06-01,2,IE,quantile,0.05,0.5829673001145846
2025-05-28,ILI incidence,2025-06-01,2,IE,quantile,0.1,0.7043671222516069
2025-05-28,ILI incidence,2025-06-01,2,IE,quantile,0.15,0.7823554324841968
2025-05-28,ILI incidence,2025-06-01,2,IE,quantile,0.2,0.8389073809495053
2025-05-28,ILI incidence,2025-06-01,2,IE,quantile,0.25,0.9719858539497114
2025-05-28,ILI incidence,2025-06-01,2,IE,quantile,0.3,1.180773574844511
2025-05-28,ILI incidence,2025-06-01,2,IE,quantile,0.35,1.2553104623728275
2025-05-28,ILI incidence,2025-06-01,2,IE,quantile,0.4,1.3762349184202134
2025-05-28,ILI incidence,2025-06-01,2,IE,quantile,0.45,1.4060317416777113
2025-05-28,ILI incidence,2025-06-01,2,IE,quantile,0.5,1.5350695979646316
2025-05-28,ILI incidence,2025-06-01,2,IE,quantile,0.55,1.6753666778685932
2025-05-28,ILI incidence,2025-06-01,2,IE,quantile,0.6,1.7750018148195283
2025-05-28,ILI incidence,2025-06-01,2,IE,quantile,0.65,1.7965898315203197
2025-05-28,ILI incidence,2025-06-01,2,IE,quantile,0.7,1.9985317384680523
2025-05-28,ILI incidence,2025-06-01,2,IE,quantile,0.75,2.035755197252262
2025-05-28,ILI incidence,2025-06-01,2,IE,quantile,0.8,2.1423363434750597
2025-05-28,ILI incidence,2025-06-01,2,IE,quantile,0.85,2.2164170095192106
2025-05-28,ILI incidence,2025-06-01,2,IE,quantile,0.9,2.295220683339186
2025-05-28,ILI incidence,2025-06-01,2,IE,quantile,0.95,2.5035934454588484
2025-05-28,ILI incidence,2025-06-01,2,IE,quantile,0.975,2.5362653916319284
2025-05-28,ILI incidence,2025-06-01,2,IE,quantile,0.99,2.725127478886756
2025-05-28,ILI incidence,2025-05-11,-1,LT,quantile,0.01,5.916390401701725
2025-05-28,ILI incidence,2025-05-11,-1,LT,quantile,0.025,7.09634409013204
2025-05-28,ILI incidence,2025-05-11,-1,LT,quantile,0.05,8.851386144478493
2025-05-28,ILI incidence,2025-05-11,-1,LT,quantile,0.1,10.307253662647739
2025-05-28,ILI incidence,2025-05-11,-1,LT,quantile,0.15,12.678094832213304
2025-05-28,ILI incidence,2025-05-11,-1,LT,quantile,0.2,13.816386277914678
2025-05-28,ILI incidence,2025-05-11,-1,LT,quantile,0.25,14.520355977670238
2025-05-28,ILI incidence,2025-05-11,-1,LT,quantile,0.3,15.371918234036526
2025-05-28,ILI incidence,2025-05-11,-1,LT,quantile,0.35,17.26602085854298
2025-05-28,ILI incidence,2025-05-11,-1,LT,quantile,0.4,18.20853348612598
2025-05-28,ILI incidence,2025-05-11,-1,LT,quantile,0.45,19.573793534433694
2025-05-28,ILI incidence,2025-05-11,-1,LT,quantile,0.5,20.01574445410902
2025-05-28,ILI incidence,2025-05-11,-1,LT,quantile,0.55,20.27518316953812
2025-05-28,ILI incidence,2025-05-11,-1,LT,quantile,0.6,21.04399105856258
2025-05-28,ILI incidence,2025-05-11,-1,LT,quantile,0.65,21.33968040649036
2025-05-28,ILI incidence,2025-05-11,-1,LT,quantile,0.7,23.141359024816943
2025-05-28,ILI incidence,2025-05-11,-1,LT,quantile,0.75,23.367587636645805
2025-05-28,ILI incidence,2025-05-11,-1,LT,quantile,0.8,24.25801143109129
2025-05-28,ILI incidence,2025-05-11,-1,LT,quantile,0.85,26.670493831349354
2025-05-28,ILI incidence,2025-05-11,-1,LT,quantile,0.9,27.68851221977662
2025-05-28,ILI incidence,2025-05-11,-1,LT,quantile,0.95,29.1894873544814
2025-05-28,ILI incidence,2025-05-11,-1,LT,quantile,0.975,29.555533607707748
2025-05-28,ILI incidence,2025-05-11,-1,LT,quantile,0.99,30.24746724028871
2025-05-28,ILI incidence,2025-05-18,0,LT,quantile,0.01,3.9143856232356598
2025-05-28,ILI incidence,2025-05-18,0,LT,quantile,0.025,4.962598481215145
2025-05-28,ILI incidence,2025-05-18,0,LT,quantile,0.05,6.261588031956446
2025-05-28,ILI incidence,2025-05-18,0,LT,quantile,0.1,7.152840789435616
2025-05-28,ILI incidence,2025-05-18,0,LT,quantile,0.15,8.024050077717575
2025-05-28,ILI incidence,2025-05-18,0,LT,quantile,0.2,8.430710269714433
2025-05-28,ILI incidence,2025-05-18,0,LT,quantile,0.25,9.646966499268055
2025-05-28,ILI incidence,2025-05-18,0,LT,quantile,0.3,11.163451759962895
2025-05-28,ILI incidence,2025-05-18,0,LT,quantile,0.35,11.668062610329162
2025-05-28,ILI incidence,2025-05-18,0,LT,quantile,0.4,12.529284297401997
2025-05-28,ILI incidence,2025-05-18,0,LT,quantile,0.45,13.498927033946433
2025-05-28,ILI incidence,2025-05-18,0,LT,quantile,0.5,14.08919786921772
2025-05-28,ILI incidence,2025-05-18,0,LT,quantile,0.55,14.9405792728037
2025-05-28,ILI incidence,2025-05-18,0,LT,quantile,0.6,15.572484110343488
2025-05-28,ILI incidence,2025-05-18,0,LT,quantile,0.65,16.43400649051942
2025-05-28,ILI incidence,2025-05-18,0,LT,quantile,0.7,16.81891476250905
2025-05-28,ILI incidence,2025-05-18,0,LT,quantile,0.75,17.20641007828973
2025-05-28,ILI incidence,2025-05-18,0,LT,quantile,0.8,19.11808055394469
2025-05-28,ILI incidence,2025-05-18,0,LT,quantile,0.85,20.536819308242645
2025-05-28,ILI incidence,2025-05-18,0,LT,quantile,0.9,20.982819347859138
2025-05-28,ILI incidence,2025-05-18,0,LT,quantile,0.95,21.555381819187723
2025-05-28,ILI incidence,2025-05-18,0,LT,quantile,0.975,22.29871921984636
2025-05-28,ILI incidence,2025-05-18,0,LT,quantile,0.99,22.790412376015777
2025-05-28,ILI incidence,2025-05-25,1,LT,quantile,0.01,2.1512557562438763
2025-05-28,ILI incidence,2025-05-25,1,LT,quantile,0.025,2.5532634399359186
2025-05-28,ILI incidence,2025-05-25,1,LT,quantile,0.05,3.9407862888520966
2025-05-28,ILI incidence,2025-05-25,1,LT,quantile,0.1,4.301443868604297
2025-05-28,ILI incidence,2025-05-25,1,LT,quantile,0.15,4.998475807975334
2025-05-28,ILI incidence,2025-05-25,1,LT,quantile,0.2,5.735802759051023
2025-05-28,ILI incidence,2025-05-25,1,LT,quantile,0.25,6.938635641018257
2025-05-28,ILI incidence,2025-05-25,1,LT,quantile,0.3,7.80950123023533
2025-05-28,ILI incidence,2025-05-25,1,LT,quantile,0.35,8.23870599070748
2025-05-28,ILI incidence,2025-05-25,1,LT,quantile,0.4,9.447896501975375
2025-05-28,ILI incidence,2025-05-25,1,LT,quantile,0.45,9.505695273683918
2025-05-28,ILI incidence,2025-05-25,1,LT,quantile,0.5,10.68541526885374
2025-05-28,ILI incidence,2025-05-25,1,LT,quantile,0.55,11.36051529211937
2025-05-28,ILI incidence,2025-05-25,1,LT,quantile,0.6,11.690912121687415
2025-05-28,ILI incidence,2025-05-25,1,LT,quantile,0.65,12.268114716257763
2025-05-28,ILI incidence,2025-05-25,1,LT,quantile,0.7,12.923207328302134
2025-05-28,ILI incidence,2025-05-25,1,LT,quantile,0.75,13.67488723485205
2025-05-28,ILI incidence,2025-05-25,1,LT,quantile,0.8,14.045458516864795
2025-05-28,ILI incidence,2025-05-25,1,LT,quantile,0.85,14.472749101899218
2025-05-28,ILI incidence,2025-05-25,1,LT,quantile,0.9,15.19186116016203
2025-05-28,ILI incidence,2025-05-25,1,LT,quantile,0.95,16.889004014549638
2025-05-28,ILI incidence,2025-05-25,1,LT,quantile,0.975,17.464176168602958
2025-05-28,ILI incidence,2025-05-25,1,LT,quantile,0.99,19.460309974900294
2025-05-28,ILI incidence,2025-06-01,2,LT,quantile,0.01,1.5230504886216856
2025-05-28,ILI incidence,2025-06-01,2,LT,quantile,0.025,1.6600528878566123
2025-05-28,ILI incidence,2025-06-01,2,LT,quantile,0.05,2.148403952573326
2025-05-28,ILI incidence,2025-06-01,2,LT,quantile,0.1,2.916134901848165
2025-05-28,ILI incidence,2025-06-01,2,LT,quantile,0.15,3.2405904263860283
2025-05-28,ILI incidence,2025-06-01,2,LT,quantile,0.2,4.521601130882159
2025-05-28,ILI incidence,2025-06-01,2,LT,quantile,0.25,4.924530864376649
2025-05-28,ILI incidence,2025-06-01,2,LT,quantile,0.3,5.526587441763875
2025-05-28,ILI incidence,2025-06-01,2,LT,quantile,0.35,5.988546489287984
2025-05-28,ILI incidence,2025-06-01,2,LT,quantile,0.4,6.670422401660961
2025-05-28,ILI incidence,2025-06-01,2,LT,quantile,0.45,7.050888551372105
2025-05-28,ILI incidence,2025-06-01,2,LT,quantile,0.5,7.337086648479881
2025-05-28,ILI incidence,2025-06-01,2,LT,quantile,0.55,7.951689290643227
2025-05-28,ILI incidence,2025-06-01,2,LT,quantile,0.6,8.088946415571957
2025-05-28,ILI incidence,2025-06-01,2,LT,quantile,0.65,8.201141658781998
2025-05-28,ILI incidence,2025-06-01,2,LT,quantile,0.7,9.25390659158539
2025-05-28,ILI incidence,2025-06-01,2,LT,quantile,0.75,9.870162662409406
2025-05-28,ILI incidence,2025-06-01,2,LT,quantile,0.8,10.44300368205766
2025-05-28,ILI incidence,2025-06-01,2,LT,quantile,0.85,11.045439682369173
2025-05-28,ILI incidence,2025-06-01,2,LT,quantile,0.9,11.549272037554829
2025-05-28,ILI incidence,2025-06-01,2,LT,quantile,0.95,13.684303044081544
2025-05-28,ILI incidence,2025-06-01,2,LT,quantile,0.975,14.360906056682387
2025-05-28,ILI incidence,2025-06-01,2,LT,quantile,0.99,16.861924647415965
2025-05-28,ILI incidence,2025-05-11,-1,MT,quantile,0.01,3061.2943452609356
2025-05-28,ILI incidence,2025-05-11,-1,MT,quantile,0.025,3067.435210179755
2025-05-28,ILI incidence,2025-05-11,-1,MT,quantile,0.05,3084.1036027946743
2025-05-28,ILI incidence,2025-05-11,-1,MT,quantile,0.1,3166.5170589809977
2025-05-28,ILI incidence,2025-05-11,-1,MT,quantile,0.15,3193.178286120294
2025-05-28,ILI incidence,2025-05-11,-1,MT,quantile,0.2,3221.252728002988
2025-05-28,ILI incidence,2025-05-11,-1,MT,quantile,0.25,3259.6395881645003
2025-05-28,ILI incidence,2025-05-11,-1,MT,quantile,0.3,3292.7632362167524
2025-05-28,ILI incidence,2025-05-11,-1,MT,quantile,0.35,3311.139597570118
2025-05-28,ILI incidence,2025-05-11,-1,MT,quantile,0.4,3320.33015527113
2025-05-28,ILI incidence,2025-05-11,-1,MT,quantile,0.45,3342.498179126503
2025-05-28,ILI incidence,2025-05-11,-1,MT,quantile,0.5,3353.2665054968056
2025-05-28,ILI incidence,2025-05-11,-1,MT,quantile,0.55,3358.1411483507236
2025-05-28,ILI incidence,2025-05-11,-1,MT,quantile,0.6,3365.955311298069
2025-05-28,ILI incidence,2025-05-11,-1,MT,quantile,0.65,3372.225682164794
2025-05-28,ILI incidence,2025-05-11,-1,MT,quantile,0.7,3387.766013183572
2025-05-28,ILI incidence,2025-05-11,-1,MT,quantile,0.75,3398.922327026809
2025-05-28,ILI incidence,2025-05-11,-1,MT,quantile,0.8,3413.3475821046773
2025-05-28,ILI incidence,2025-05-11,-1,MT,quantile,0.85,3436.5351589918596
2025-05-28,ILI incidence,2025-05-11,-1,MT,quantile,0.9,3452.642999416717
2025-05-28,ILI incidence,2025-05-11,-1,MT,quantile,0.95,3479.9378094029057
2025-05-28,ILI incidence,2025-05-11,-1,MT,quantile,0.975,3485.978300860167
2025-05-28,ILI incidence,2025-05-11,-1,MT,quantile,0.99,3491.1494367771975
2025-05-28,ILI incidence,2025-05-18,0,MT,quantile,0.01,3018.347662334743
2025-05-28,ILI incidence,2025-05-18,0,MT,quantile,0.025,3038.1545235498693
2025-05-28,ILI incidence,2025-05-18,0,MT,quantile,0.05,3050.1043083427853
2025-05-28,ILI incidence,2025-05-18,0,MT,quantile,0.1,3077.9485541843887
2025-05-28,ILI incidence,2025-05-18,0,MT,quantile,0.15,3105.594121974084
2025-05-28,ILI incidence,2025-05-18,0,MT,quantile,0.2,3116.9927501172097
2025-05-28,ILI incidence,2025-05-18,0,MT,quantile,0.25,3131.601839016243
2025-05-28,ILI incidence,2025-05-18,0,MT,quantile,0.3,3140.512356371003
2025-05-28,ILI incidence,2025-05-18,0,MT,quantile,0.35,3152.822309403101
2025-05-28,ILI incidence,2025-05-18,0,MT,quantile,0.4,3166.1166519122035
2025-05-28,ILI incidence,2025-05-18,0,MT,quantile,0.45,3175.682102345423
2025-05-28,ILI incidence,2025-05-18,0,MT,quantile,0.5,3178.0271711193172
2025-05-28,ILI incidence,2025-05-18,0,MT,quantile,0.55,3188.071788317231
2025-05-28,ILI incidence,2025-05-18,0,MT,quantile,0.6,3204.032011105612
2025-05-28,ILI incidence,2025-05-18,0,MT,quantile,0.65,3216.386015740894
2025-05-28,ILI incidence,2025-05-18,0,MT,quantile,0.7,3235.202571428521
2025-05-28,ILI incidence,2025-05-18,0,MT,quantile,0.75,3245.5422562187473
2025-05-28,ILI incidence,2025-05-18,0,MT,quantile,0.8,3259.04829613876
2025-05-28,ILI incidence,2025-05-18,0,MT,quantile,0.85,3291.0846438699705
2025-05-28,ILI incidence,2025-05-18,0,MT,quantile,0.9,3308.9950953539483
2025-05-28,ILI incidence,2025-05-18,0,MT,quantile,0.95,3386.291288068616
2025-05-28,ILI incidence,2025-05-18,0,MT,quantile,0.975,3392.4973989578148
2025-05-28,ILI incidence,2025-05-18,0,MT,quantile,0.99,3399.7191111454595
2025-05-28,ILI incidence,2025-05-25,1,MT,quantile,0.01,3023.106484755344
2025-05-28,ILI incidence,2025-05-25,1,MT,quantile,0.025,3038.7211168311546
2025-05-28,ILI incidence,2025-05-25,1,MT,quantile,0.05,3047.4048006414337
2025-05-28,ILI incidence,2025-05-25,1,MT,quantile,0.1,3072.442390653313
2025-05-28,ILI incidence,2025-05-25,1,MT,quantile,0.15,3098.5519454035243
2025-05-28,ILI incidence,2025-05-25,1,MT,quantile,0.2,3113.9567377904646
2025-05-28,ILI incidence,2025-05-25,1,MT,quantile,0.25,3131.235532518871
2025-05-28,ILI incidence,2025-05-25,1,MT,quantile,0.3,3153.9057826596286
2025-05-28,ILI incidence,2025-05-25,1,MT,quantile,0.35,3164.0635990994865
2025-05-28,ILI incidence,2025-05-25,1,MT,quantile,0.4,3187.362649804196
2025-05-28,ILI incidence,2025-05-25,1,MT,quantile,0.45,3214.577153447841
2025-05-28,ILI incidence,2025-05-25,1,MT,quantile,0.5,3229.70993267027
2025-05-28,ILI incidence,2025-05-25,1,MT,quantile,0.55,3242.068765664744
2025-05-28,ILI incidence,2025-05-25,1,MT,quantile,0.6,3264.2455000952846
2025-05-28,ILI incidence,2025-05-25,1,MT,quantile,0.65,3282.090715353085
2025-05-28,ILI incidence,2025-05-25,1,MT,quantile,0.7,3339.383763022036
2025-05-28,ILI incidence,2025-05-25,1,MT,quantile,0.75,3364.719325641062
2025-05-28,ILI incidence,2025-05-25,1,MT,quantile,0.8,3386.7567251830324
2025-05-28,ILI incidence,2025-05-25,1,MT,quantile,0.85,3430.9622188003914
2025-05-28,ILI incidence,2025-05-25,1,MT,quantile,0.9,3476.0179302921547
2025-05-28,ILI incidence,2025-05-25,1,MT,quantile,0.95,3497.0251588726846
2025-05-28,ILI incidence,2025-05-25,1,MT,quantile,0.975,3499.0320408182174
2025-05-28,ILI incidence,2025-05-25,1,MT,quantile,0.99,3499.403317704969
2025-05-28,ILI incidence,2025-06-01,2,MT,quantile,0.01,3017.2036175733515
2025-05-28,ILI incidence,2025-06-01,2,MT,quantile,0.025,3025.5523092233066
2025-05-28,ILI incidence,2025-06-01,2,MT,quantile,0.05,3038.0673936866306
2025-05-28,ILI incidence,2025-06-01,2,MT,quantile,0.1,3074.6748840040054
2025-05-28,ILI incidence,2025-06-01,2,MT,quantile,0.15,3101.246453426942
2025-05-28,ILI incidence,2025-06-01,2,MT,quantile,0.2,3141.1083711180986
2025-05-28,ILI incidence,2025-06-01,2,MT,quantile,0.25,3163.3752234127705
2025-05-28,ILI incidence,2025-06-01,2,MT,quantile,0.3,3179.074463918577
2025-05-28,ILI incidence,2025-06-01,2,MT,quantile,0.35,3215.1546032239853
2025-05-28,ILI incidence,2025-06-01,2,MT,quantile,0.4,3265.5066460317057
2025-05-28,ILI incidence,2025-06-01,2,MT,quantile,0.45,3272.1154923336326
2025-05-28,ILI incidence,2025-06-01,2,MT,quantile,0.5,3304.618018827101
2025-05-28,ILI incidence,2025-06-01,2,MT,quantile,0.55,3337.710727474973
2025-05-28,ILI incidence,2025-06-01,2,MT,quantile,0.6,3353.056656646047
2025-05-28,ILI incidence,2025-06-01,2,MT,quantile,0.65,3373.5979301411485
2025-05-28,ILI incidence,2025-06-01,2,MT,quantile,0.7,3381.073530964378
2025-05-28,ILI incidence,2025-06-01,2,MT,quantile,0.75,3389.5735231053113
2025-05-28,ILI incidence,2025-06-01,2,MT,quantile,0.8,3418.7266479632162
2025-05-28,ILI incidence,2025-06-01,2,MT,quantile,0.85,3441.2557623854145
2025-05-28,ILI incidence,2025-06-01,2,MT,quantile,0.9,3464.4149719071447
2025-05-28,ILI incidence,2025-06-01,2,MT,quantile,0.95,3478.4612225252718
2025-05-28,ILI incidence,2025-06-01,2,MT,quantile,0.975,3484.337340670019
2025-05-28,ILI incidence,2025-06-01,2,MT,quantile,0.99,3489.0429236896325
2025-05-28,ILI incidence,2025-05-11,-1,NL,quantile,0.01,5.545155943594687
2025-05-28,ILI incidence,2025-05-11,-1,NL,quantile,0.025,5.631211648401583
2025-05-28,ILI incidence,2025-05-11,-1,NL,quantile,0.05,6.286922004226652
2025-05-28,ILI incidence,2025-05-11,-1,NL,quantile,0.1,7.823334892391228
2025-05-28,ILI incidence,2025-05-11,-1,NL,quantile,0.15,8.263266643310397
2025-05-28,ILI incidence,2025-05-11,-1,NL,quantile,0.2,8.397000899746704
2025-05-28,ILI incidence,2025-05-11,-1,NL,quantile,0.25,8.815959895067662
2025-05-28,ILI incidence,2025-05-11,-1,NL,quantile,0.3,9.274614297996013
2025-05-28,ILI incidence,2025-05-11,-1,NL,quantile,0.35,9.392205550101105
2025-05-28,ILI incidence,2025-05-11,-1,NL,quantile,0.4,9.845641762605347
2025-05-28,ILI incidence,2025-05-11,-1,NL,quantile,0.45,10.368159102352617
2025-05-28,ILI incidence,2025-05-11,-1,NL,quantile,0.5,10.771182013998146
2025-05-28,ILI incidence,2025-05-11,-1,NL,quantile,0.55,11.34199507091158
2025-05-28,ILI incidence,2025-05-11,-1,NL,quantile,0.6,11.89823739806716
2025-05-28,ILI incidence,2025-05-11,-1,NL,quantile,0.65,12.84441309173863
2025-05-28,ILI incidence,2025-05-11,-1,NL,quantile,0.7,13.131061503158397
2025-05-28,ILI incidence,2025-05-11,-1,NL,quantile,0.75,13.694733578810489
2025-05-28,ILI incidence,2025-05-11,-1,NL,quantile,0.8,14.416037741231914
2025-05-28,ILI incidence,2025-05-11,-1,NL,quantile,0.85,15.22111649125036
2025-05-28,ILI incidence,2025-05-11,-1,NL,quantile,0.9,16.41726921602622
2025-05-28,ILI incidence,2025-05-11,-1,NL,quantile,0.95,17.958942930526167
2025-05-28,ILI incidence,2025-05-11,-1,NL,quantile,0.975,18.99825881274744
2025-05-28,ILI incidence,2025-05-11,-1,NL,quantile,0.99,20.775595755232207
2025-05-28,ILI incidence,2025-05-18,0,NL,quantile,0.01,4.339221091992373
2025-05-28,ILI incidence,2025-05-18,0,NL,quantile,0.025,4.4324414634608615
2025-05-28,ILI incidence,2025-05-18,0,NL,quantile,0.05,4.737110643001715
2025-05-28,ILI incidence,2025-05-18,0,NL,quantile,0.1,5.6035842440202375
2025-05-28,ILI incidence,2025-05-18,0,NL,quantile,0.15,5.650546599516474
2025-05-28,ILI incidence,2025-05-18,0,NL,quantile,0.2,5.907730422518229
2025-05-28,ILI incidence,2025-05-18,0,NL,quantile,0.25,6.632027727034611
2025-05-28,ILI incidence,2025-05-18,0,NL,quantile,0.3,6.731843399958177
2025-05-28,ILI incidence,2025-05-18,0,NL,quantile,0.35,6.929178360654234
2025-05-28,ILI incidence,2025-05-18,0,NL,quantile,0.4,7.3546376367078174
2025-05-28,ILI incidence,2025-05-18,0,NL,quantile,0.45,7.724317923919864
2025-05-28,ILI incidence,2025-05-18,0,NL,quantile,0.5,8.14273094418683
2025-05-28,ILI incidence,2025-05-18,0,NL,quantile,0.55,8.563865364784592
2025-05-28,ILI incidence,2025-05-18,0,NL,quantile,0.6,9.329080015981424
2025-05-28,ILI incidence,2025-05-18,0,NL,quantile,0.65,9.87187547488214
2025-05-28,ILI incidence,2025-05-18,0,NL,quantile,0.7,10.36128500762136
2025-05-28,ILI incidence,2025-05-18,0,NL,quantile,0.75,10.530870687034703
2025-05-28,ILI incidence,2025-05-18,0,NL,quantile,0.8,11.276576372623772
2025-05-28,ILI incidence,2025-05-18,0,NL,quantile,0.85,12.934579850847582
2025-05-28,ILI incidence,2025-05-18,0,NL,quantile,0.9,13.282543065364527
2025-05-28,ILI incidence,2025-05-18,0,NL,quantile,0.95,15.202825786470735
2025-05-28,ILI incidence,2025-05-18,0,NL,quantile,0.975,16.581883846417817
2025-05-28,ILI incidence,2025-05-18,0,NL,quantile,0.99,17.939845061267796
2025-05-28,ILI incidence,2025-05-25,1,NL,quantile,0.01,2.955507398392761
2025-05-28,ILI incidence,2025-05-25,1,NL,quantile,0.025,3.029887828440012
2025-05-28,ILI incidence,2025-05-25,1,NL,quantile,0.05,3.392593144319702
2025-05-28,ILI incidence,2025-05-25,1,NL,quantile,0.1,3.7058803967479665
2025-05-28,ILI incidence,2025-05-25,1,NL,quantile,0.15,4.010322694270416
2025-05-28,ILI incidence,2025-05-25,1,NL,quantile,0.2,4.237111577903199
2025-05-28,ILI incidence,2025-05-25,1,NL,quantile,0.25,4.702023534631848
2025-05-28,ILI incidence,2025-05-25,1,NL,quantile,0.3,4.859680050534977
2025-05-28,ILI incidence,2025-05-25,1,NL,quantile,0.35,5.091444131657419
2025-05-28,ILI incidence,2025-05-25,1,NL,quantile,0.4,5.4757656802989985
2025-05-28,ILI incidence,2025-05-25,1,NL,quantile,0.45,5.645026615250987
2025-05-28,ILI incidence,2025-05-25,1,NL,quantile,0.5,5.82560828070192
2025-05-28,ILI incidence,2025-05-25,1,NL,quantile,0.55,6.004016102180848
2025-05-28,ILI incidence,2025-05-25,1,NL,quantile,0.6,6.661916184326479
2025-05-28,ILI incidence,2025-05-25,1,NL,quantile,0.65,7.070913871791502
2025-05-28,ILI incidence,2025-05-25,1,NL,quantile,0.7,7.70980530747335
2025-05-28,ILI incidence,2025-05-25,1,NL,quantile,0.75,8.356804653163845
2025-05-28,ILI incidence,2025-05-25,1,NL,quantile,0.8,9.497907058414048
2025-05-28,ILI incidence,2025-05-25,1,NL,quantile,0.85,10.109400828362817
2025-05-28,ILI incidence,2025-05-25,1,NL,quantile,0.9,10.71457465666912
2025-05-28,ILI incidence,2025-05-25,1,NL,quantile,0.95,12.864760673771363
2025-05-28,ILI incidence,2025-05-25,1,NL,quantile,0.975,14.15187853967769
2025-05-28,ILI incidence,2025-05-25,1,NL,quantile,0.99,15.194569041036978
2025-05-28,ILI incidence,2025-06-01,2,NL,quantile,0.01,1.720846469875603
2025-05-28,ILI incidence,2025-06-01,2,NL,quantile,0.025,1.9214354620768017
2025-05-28,ILI incidence,2025-06-01,2,NL,quantile,0.05,1.9717188525219598
2025-05-28,ILI incidence,2025-06-01,2,NL,quantile,0.1,2.2144648679208663
2025-05-28,ILI incidence,2025-06-01,2,NL,quantile,0.15,2.517472731231167
2025-05-28,ILI incidence,2025-06-01,2,NL,quantile,0.2,2.7785561570473742
2025-05-28,ILI incidence,2025-06-01,2,NL,quantile,0.25,2.8975613805902833
2025-05-28,ILI incidence,2025-06-01,2,NL,quantile,0.3,3.025860588451013
2025-05-28,ILI incidence,2025-06-01,2,NL,quantile,0.35,3.0502387515455833
2025-05-28,ILI incidence,2025-06-01,2,NL,quantile,0.4,3.1774869933433796
2025-05-28,ILI incidence,2025-06-01,2,NL,quantile,0.45,3.641694767540382
2025-05-28,ILI incidence,2025-06-01,2,NL,quantile,0.5,3.7832170013657755
2025-05-28,ILI incidence,2025-06-01,2,NL,quantile,0.55,4.124193126399368
2025-05-28,ILI incidence,2025-06-01,2,NL,quantile,0.6,4.442029533281295
2025-05-28,ILI incidence,2025-06-01,2,NL,quantile,0.65,4.80084720405358
2025-05-28,ILI incidence,2025-06-01,2,NL,quantile,0.7,5.6336455239664645
2025-05-28,ILI incidence,2025-06-01,2,NL,quantile,0.75,6.701504938802884
2025-05-28,ILI incidence,2025-06-01,2,NL,quantile,0.8,7.481105454926203
2025-05-28,ILI incidence,2025-06-01,2,NL,quantile,0.85,8.056067777076038
2025-05-28,ILI incidence,2025-06-01,2,NL,quantile,0.9,8.31608058176595
2025-05-28,ILI incidence,2025-06-01,2,NL,quantile,0.95,10.333078221685787
2025-05-28,ILI incidence,2025-06-01,2,NL,quantile,0.975,11.81666549324878
2025-05-28,ILI incidence,2025-06-01,2,NL,quantile,0.99,12.490652647511359
2025-05-28,ILI incidence,2025-05-11,-1,NO,quantile,0.01,9.284264476411698
2025-05-28,ILI incidence,2025-05-11,-1,NO,quantile,0.025,9.916615364364034
2025-05-28,ILI incidence,2025-05-11,-1,NO,quantile,0.05,11.070077748325149
2025-05-28,ILI incidence,2025-05-11,-1,NO,quantile,0.1,12.151486162754793
2025-05-28,ILI incidence,2025-05-11,-1,NO,quantile,0.15,12.597448581827278
2025-05-28,ILI incidence,2025-05-11,-1,NO,quantile,0.2,13.653364153201167
2025-05-28,ILI incidence,2025-05-11,-1,NO,quantile,0.25,15.961881329639919
2025-05-28,ILI incidence,2025-05-11,-1,NO,quantile,0.3,16.74135529661364
2025-05-28,ILI incidence,2025-05-11,-1,NO,quantile,0.35,18.34000159069221
2025-05-28,ILI incidence,2025-05-11,-1,NO,quantile,0.4,18.627186007027476
2025-05-28,ILI incidence,2025-05-11,-1,NO,quantile,0.45,19.630922556958467
2025-05-28,ILI incidence,2025-05-11,-1,NO,quantile,0.5,20.792099781916107
2025-05-28,ILI incidence,2025-05-11,-1,NO,quantile,0.55,21.19211692191772
2025-05-28,ILI incidence,2025-05-11,-1,NO,quantile,0.6,21.739882154891195
2025-05-28,ILI incidence,2025-05-11,-1,NO,quantile,0.65,22.448491388171124
2025-05-28,ILI incidence,2025-05-11,-1,NO,quantile,0.7,23.535003872366
2025-05-28,ILI incidence,2025-05-11,-1,NO,quantile,0.75,24.06107917370076
2025-05-28,ILI incidence,2025-05-11,-1,NO,quantile,0.8,25.388877720151946
2025-05-28,ILI incidence,2025-05-11,-1,NO,quantile,0.85,26.46154802144798
2025-05-28,ILI incidence,2025-05-11,-1,NO,quantile,0.9,27.09029743825393
2025-05-28,ILI incidence,2025-05-11,-1,NO,quantile,0.95,28.35833041593242
2025-05-28,ILI incidence,2025-05-11,-1,NO,quantile,0.975,28.94990965476358
2025-05-28,ILI incidence,2025-05-11,-1,NO,quantile,0.99,29.786849527373676
2025-05-28,ILI incidence,2025-05-18,0,NO,quantile,0.01,6.664881948618168
2025-05-28,ILI incidence,2025-05-18,0,NO,quantile,0.025,7.079664635650884
2025-05-28,ILI incidence,2025-05-18,0,NO,quantile,0.05,8.1443400390213
2025-05-28,ILI incidence,2025-05-18,0,NO,quantile,0.1,9.391614013117792
2025-05-28,ILI incidence,2025-05-18,0,NO,quantile,0.15,9.918965339325611
2025-05-28,ILI incidence,2025-05-18,0,NO,quantile,0.2,10.403610968369005
2025-05-28,ILI incidence,2025-05-18,0,NO,quantile,0.25,11.98765412784772
2025-05-28,ILI incidence,2025-05-18,0,NO,quantile,0.3,12.516659482600302
2025-05-28,ILI incidence,2025-05-18,0,NO,quantile,0.35,13.5197393317806
2025-05-28,ILI incidence,2025-05-18,0,NO,quantile,0.4,13.942425434816672
2025-05-28,ILI incidence,2025-05-18,0,NO,quantile,0.45,14.373767888846789
2025-05-28,ILI incidence,2025-05-18,0,NO,quantile,0.5,15.4071845206999
2025-05-28,ILI incidence,2025-05-18,0,NO,quantile,0.55,15.861185407490478
2025-05-28,ILI incidence,2025-05-18,0,NO,quantile,0.6,16.16920907590471
2025-05-28,ILI incidence,2025-05-18,0,NO,quantile,0.65,16.541201267217527
2025-05-28,ILI incidence,2025-05-18,0,NO,quantile,0.7,18.278699710845984
2025-05-28,ILI incidence,2025-05-18,0,NO,quantile,0.75,18.793607870591163
2025-05-28,ILI incidence,2025-05-18,0,NO,quantile,0.8,20.477062527822692
2025-05-28,ILI incidence,2025-05-18,0,NO,quantile,0.85,21.565147986887236
2025-05-28,ILI incidence,2025-05-18,0,NO,quantile,0.9,22.066803992395815
2025-05-28,ILI incidence,2025-05-18,0,NO,quantile,0.95,22.657521536007266
2025-05-28,ILI incidence,2025-05-18,0,NO,quantile,0.975,23.04274597072384
2025-05-28,ILI incidence,2025-05-18,0,NO,quantile,0.99,24.82750659125145
2025-05-28,ILI incidence,2025-05-25,1,NO,quantile,0.01,4.619729626642567
2025-05-28,ILI incidence,2025-05-25,1,NO,quantile,0.025,5.063557862098328
2025-05-28,ILI incidence,2025-05-25,1,NO,quantile,0.05,5.681922002807766
2025-05-28,ILI incidence,2025-05-25,1,NO,quantile,0.1,6.66901594893376
2025-05-28,ILI incidence,2025-05-25,1,NO,quantile,0.15,7.5356713971963085
2025-05-28,ILI incidence,2025-05-25,1,NO,quantile,0.2,8.05046737477748
2025-05-28,ILI incidence,2025-05-25,1,NO,quantile,0.25,8.478463804481171
2025-05-28,ILI incidence,2025-05-25,1,NO,quantile,0.3,8.937831958351957
2025-05-28,ILI incidence,2025-05-25,1,NO,quantile,0.35,9.776147493595628
2025-05-28,ILI incidence,2025-05-25,1,NO,quantile,0.4,10.392396910317279
2025-05-28,ILI incidence,2025-05-25,1,NO,quantile,0.45,10.650531873206218
2025-05-28,ILI incidence,2025-05-25,1,NO,quantile,0.5,11.209210679700178
2025-05-28,ILI incidence,2025-05-25,1,NO,quantile,0.55,12.030011303365548
2025-05-28,ILI incidence,2025-05-25,1,NO,quantile,0.6,13.130962683272827
2025-05-28,ILI incidence,2025-05-25,1,NO,quantile,0.65,13.662918952200757
2025-05-28,ILI incidence,2025-05-25,1,NO,quantile,0.7,14.26146669407775
2025-05-28,ILI incidence,2025-05-25,1,NO,quantile,0.75,14.81613251210031
2025-05-28,ILI incidence,2025-05-25,1,NO,quantile,0.8,16.239477845971457
2025-05-28,ILI incidence,2025-05-25,1,NO,quantile,0.85,16.83951227134439
2025-05-28,ILI incidence,2025-05-25,1,NO,quantile,0.9,17.345106129201753
2025-05-28,ILI incidence,2025-05-25,1,NO,quantile,0.95,17.968864193814234
2025-05-28,ILI incidence,2025-05-25,1,NO,quantile,0.975,19.3947918808027
2025-05-28,ILI incidence,2025-05-25,1,NO,quantile,0.99,21.90269143845523
2025-05-28,ILI incidence,2025-06-01,2,NO,quantile,0.01,3.3680563658203133
2025-05-28,ILI incidence,2025-06-01,2,NO,quantile,0.025,3.5256120663718002
2025-05-28,ILI incidence,2025-06-01,2,NO,quantile,0.05,3.8632700688225254
2025-05-28,ILI incidence,2025-06-01,2,NO,quantile,0.1,4.902388094996984
2025-05-28,ILI incidence,2025-06-01,2,NO,quantile,0.15,5.401746214522481
2025-05-28,ILI incidence,2025-06-01,2,NO,quantile,0.2,5.72722961517831
2025-05-28,ILI incidence,2025-06-01,2,NO,quantile,0.25,6.075669266056935
2025-05-28,ILI incidence,2025-06-01,2,NO,quantile,0.3,6.503898446039372
2025-05-28,ILI incidence,2025-06-01,2,NO,quantile,0.35,7.09859645047562
2025-05-28,ILI incidence,2025-06-01,2,NO,quantile,0.4,7.838811547725397
2025-05-28,ILI incidence,2025-06-01,2,NO,quantile,0.45,8.39128134195298
2025-05-28,ILI incidence,2025-06-01,2,NO,quantile,0.5,8.545454313890094
2025-05-28,ILI incidence,2025-06-01,2,NO,quantile,0.55,8.745997133796537
2025-05-28,ILI incidence,2025-06-01,2,NO,quantile,0.6,9.136788879897095
2025-05-28,ILI incidence,2025-06-01,2,NO,quantile,0.65,10.369252044812857
2025-05-28,ILI incidence,2025-06-01,2,NO,quantile,0.7,10.70170179123846
2025-05-28,ILI incidence,2025-06-01,2,NO,quantile,0.75,11.2297863458949
2025-05-28,ILI incidence,2025-06-01,2,NO,quantile,0.8,11.551090135606167
2025-05-28,ILI incidence,2025-06-01,2,NO,quantile,0.85,13.215971650737625
2025-05-28,ILI incidence,2025-06-01,2,NO,quantile,0.9,14.287235272154087
2025-05-28,ILI incidence,2025-06-01,2,NO,quantile,0.95,16.48189649256692
2025-05-28,ILI incidence,2025-06-01,2,NO,quantile,0.975,16.879010169163106
2025-05-28,ILI incidence,2025-06-01,2,NO,quantile,0.99,18.776767877468668
2025-05-28,ILI incidence,2025-05-11,-1,PL,quantile,0.01,135.29761492200365
2025-05-28,ILI incidence,2025-05-11,-1,PL,quantile,0.025,140.08918566903404
2025-05-28,ILI incidence,2025-05-11,-1,PL,quantile,0.05,142.25059008263108
2025-05-28,ILI incidence,2025-05-11,-1,PL,quantile,0.1,156.86690664841348
2025-05-28,ILI incidence,2025-05-11,-1,PL,quantile,0.15,159.33676077096695
2025-05-28,ILI incidence,2025-05-11,-1,PL,quantile,0.2,162.30867448365842
2025-05-28,ILI incidence,2025-05-11,-1,PL,quantile,0.25,163.49320705955142
2025-05-28,ILI incidence,2025-05-11,-1,PL,quantile,0.3,165.17190978488713
2025-05-28,ILI incidence,2025-05-11,-1,PL,quantile,0.35,167.1844257779428
2025-05-28,ILI incidence,2025-05-11,-1,PL,quantile,0.4,170.79678973023252
2025-05-28,ILI incidence,2025-05-11,-1,PL,quantile,0.45,171.48170002535724
2025-05-28,ILI incidence,2025-05-11,-1,PL,quantile,0.5,173.96321291053837
2025-05-28,ILI incidence,2025-05-11,-1,PL,quantile,0.55,177.8943316454634
2025-05-28,ILI incidence,2025-05-11,-1,PL,quantile,0.6,181.01723289222528
2025-05-28,ILI incidence,2025-05-11,-1,PL,quantile,0.65,182.3027685288619
2025-05-28,ILI incidence,2025-05-11,-1,PL,quantile,0.7,185.56418831330748
2025-05-28,ILI incidence,2025-05-11,-1,PL,quantile,0.75,194.29101574185538
2025-05-28,ILI incidence,2025-05-11,-1,PL,quantile,0.8,198.7611290259114
2025-05-28,ILI incidence,2025-05-11,-1,PL,quantile,0.85,200.7455456522574
2025-05-28,ILI incidence,2025-05-11,-1,PL,quantile,0.9,203.07789408672733
2025-05-28,ILI incidence,2025-05-11,-1,PL,quantile,0.95,208.57201950504657
2025-05-28,ILI incidence,2025-05-11,-1,PL,quantile,0.975,211.8387411842123
2025-05-28,ILI incidence,2025-05-11,-1,PL,quantile,0.99,212.686951927034
2025-05-28,ILI incidence,2025-05-18,0,PL,quantile,0.01,156.97715021908516
2025-05-28,ILI incidence,2025-05-18,0,PL,quantile,0.025,159.59894959968057
2025-05-28,ILI incidence,2025-05-18,0,PL,quantile,0.05,165.41815233220245
2025-05-28,ILI incidence,2025-05-18,0,PL,quantile,0.1,173.8019739254578
2025-05-28,ILI incidence,2025-05-18,0,PL,quantile,0.15,175.6205167640386
2025-05-28,ILI incidence,2025-05-18,0,PL,quantile,0.2,178.23576188177242
2025-05-28,ILI incidence,2025-05-18,0,PL,quantile,0.25,181.20968742744782
2025-05-28,ILI incidence,2025-05-18,0,PL,quantile,0.3,183.4381291962756
2025-05-28,ILI incidence,2025-05-18,0,PL,quantile,0.35,184.78819039669057
2025-05-28,ILI incidence,2025-05-18,0,PL,quantile,0.4,186.4766129421153
2025-05-28,ILI incidence,2025-05-18,0,PL,quantile,0.45,188.3682708987906
2025-05-28,ILI incidence,2025-05-18,0,PL,quantile,0.5,190.25878650431622
2025-05-28,ILI incidence,2025-05-18,0,PL,quantile,0.55,191.52831995084549
2025-05-28,ILI incidence,2025-05-18,0,PL,quantile,0.6,192.5884831785885
2025-05-28,ILI incidence,2025-05-18,0,PL,quantile,0.65,194.50362687478543
2025-05-28,ILI incidence,2025-05-18,0,PL,quantile,0.7,197.11512971556078
2025-05-28,ILI incidence,2025-05-18,0,PL,quantile,0.75,199.5820067432256
2025-05-28,ILI incidence,2025-05-18,0,PL,quantile,0.8,201.0978694790509
2025-05-28,ILI incidence,2025-05-18,0,PL,quantile,0.85,205.43008813804693
2025-05-28,ILI incidence,2025-05-18,0,PL,quantile,0.9,209.34884879539888
2025-05-28,ILI incidence,2025-05-18,0,PL,quantile,0.95,211.44992835170314
2025-05-28,ILI incidence,2025-05-18,0,PL,quantile,0.975,212.7268160165455
2025-05-28,ILI incidence,2025-05-18,0,PL,quantile,0.99,215.23488552456996
2025-05-28,ILI incidence,2025-05-25,1,PL,quantile,0.01,109.23821943764938
2025-05-28,ILI incidence,2025-05-25,1,PL,quantile,0.025,111.87455806449918
2025-05-28,ILI incidence,2025-05-25,1,PL,quantile,0.05,115.32328205187639
2025-05-28,ILI incidence,2025-05-25,1,PL,quantile,0.1,120.99196517738798
2025-05-28,ILI incidence,2025-05-25,1,PL,quantile,0.15,124.91682609908798
2025-05-28,ILI incidence,2025-05-25,1,PL,quantile,0.2,135.78807372285334
2025-05-28,ILI incidence,2025-05-25,1,PL,quantile,0.25,140.83011051656825
2025-05-28,ILI incidence,2025-05-25,1,PL,quantile,0.3,143.42232453844733
2025-05-28,ILI incidence,2025-05-25,1,PL,quantile,0.35,150.29579504662786
2025-05-28,ILI incidence,2025-05-25,1,PL,quantile,0.4,157.982941673698
2025-05-28,ILI incidence,2025-05-25,1,PL,quantile,0.45,163.7074621953248
2025-05-28,ILI incidence,2025-05-25,1,PL,quantile,0.5,168.31508345715727
2025-05-28,ILI incidence,2025-05-25,1,PL,quantile,0.55,174.31144341204828
2025-05-28,ILI incidence,2025-05-25,1,PL,quantile,0.6,179.67051632979872
2025-05-28,ILI incidence,2025-05-25,1,PL,quantile,0.65,188.6706172184245
2025-05-28,ILI incidence,2025-05-25,1,PL,quantile,0.7,190.93476684713946
2025-05-28,ILI incidence,2025-05-25,1,PL,quantile,0.75,192.8588487460552
2025-05-28,ILI incidence,2025-05-25,1,PL,quantile,0.8,195.56591175863804
2025-05-28,ILI incidence,2025-05-25,1,PL,quantile,0.85,198.53674789465063
2025-05-28,ILI incidence,2025-05-25,1,PL,quantile,0.9,202.13520603345484
2025-05-28,ILI incidence,2025-05-25,1,PL,quantile,0.95,206.05391338437005
2025-05-28,ILI incidence,2025-05-25,1,PL,quantile,0.975,210.9191094296667
2025-05-28,ILI incidence,2025-05-25,1,PL,quantile,0.99,212.60516003902762
2025-05-28,ILI incidence,2025-06-01,2,PL,quantile,0.01,110.35970265663491
2025-05-28,ILI incidence,2025-06-01,2,PL,quantile,0.025,111.1344620107698
2025-05-28,ILI incidence,2025-06-01,2,PL,quantile,0.05,117.69872231258917
2025-05-28,ILI incidence,2025-06-01,2,PL,quantile,0.1,125.74757680528622
2025-05-28,ILI incidence,2025-06-01,2,PL,quantile,0.15,130.61379637813397
2025-05-28,ILI incidence,2025-06-01,2,PL,quantile,0.2,134.85396839715546
2025-05-28,ILI incidence,2025-06-01,2,PL,quantile,0.25,137.84304531719022
2025-05-28,ILI incidence,2025-06-01,2,PL,quantile,0.3,141.4889630433572
2025-05-28,ILI incidence,2025-06-01,2,PL,quantile,0.35,145.08071940363865
2025-05-28,ILI incidence,2025-06-01,2,PL,quantile,0.4,150.77969611089918
2025-05-28,ILI incidence,2025-06-01,2,PL,quantile,0.45,161.3413407661568
2025-05-28,ILI incidence,2025-06-01,2,PL,quantile,0.5,170.7255025440856
2025-05-28,ILI incidence,2025-06-01,2,PL,quantile,0.55,173.61338483495334
2025-05-28,ILI incidence,2025-06-01,2,PL,quantile,0.6,176.76327853284823
2025-05-28,ILI incidence,2025-06-01,2,PL,quantile,0.65,181.5994520711628
2025-05-28,ILI incidence,2025-06-01,2,PL,quantile,0.7,184.8586580999488
2025-05-28,ILI incidence,2025-06-01,2,PL,quantile,0.75,186.3349578511582
2025-05-28,ILI incidence,2025-06-01,2,PL,quantile,0.8,188.36632541761026
2025-05-28,ILI incidence,2025-06-01,2,PL,quantile,0.85,190.1759771739808
2025-05-28,ILI incidence,2025-06-01,2,PL,quantile,0.9,194.1119916376735
2025-05-28,ILI incidence,2025-06-01,2,PL,quantile,0.95,197.56259668873176
2025-05-28,ILI incidence,2025-06-01,2,PL,quantile,0.975,199.25164664946084
2025-05-28,ILI incidence,2025-06-01,2,PL,quantile,0.99,204.3381369093282
2025-05-28,ILI incidence,2025-05-11,-1,RO,quantile,0.01,0.047036510356125744
2025-05-28,ILI incidence,2025-05-11,-1,RO,quantile,0.025,0.06085061416605543
2025-05-28,ILI incidence,2025-05-11,-1,RO,quantile,0.05,0.16913384701806788
2025-05-28,ILI incidence,2025-05-11,-1,RO,quantile,0.1,0.2665402073481116
2025-05-28,ILI incidence,2025-05-11,-1,RO,quantile,0.15,0.3265732176558978
2025-05-28,ILI incidence,2025-05-11,-1,RO,quantile,0.2,0.36916183758862453
2025-05-28,ILI incidence,2025-05-11,-1,RO,quantile,0.25,0.4392804323657726
2025-05-28,ILI incidence,2025-05-11,-1,RO,quantile,0.3,0.45671412343074047
2025-05-28,ILI incidence,2025-05-11,-1,RO,quantile,0.35,0.49290368554183683
2025-05-28,ILI incidence,2025-05-11,-1,RO,quantile,0.4,0.5197683145930369
2025-05-28,ILI incidence,2025-05-11,-1,RO,quantile,0.45,0.5439058875868052
2025-05-28,ILI incidence,2025-05-11,-1,RO,quantile,0.5,0.6231083146073693
2025-05-28,ILI incidence,2025-05-11,-1,RO,quantile,0.55,0.7181173034925671
2025-05-28,ILI incidence,2025-05-11,-1,RO,quantile,0.6,0.7795554841126687
2025-05-28,ILI incidence,2025-05-11,-1,RO,quantile,0.65,0.9246408818798213
2025-05-28,ILI incidence,2025-05-11,-1,RO,quantile,0.7,0.9505667591825532
2025-05-28,ILI incidence,2025-05-11,-1,RO,quantile,0.75,1.0220467198642362
2025-05-28,ILI incidence,2025-05-11,-1,RO,quantile,0.8,1.0558228930087037
2025-05-28,ILI incidence,2025-05-11,-1,RO,quantile,0.85,1.0939648676582907
2025-05-28,ILI incidence,2025-05-11,-1,RO,quantile,0.9,1.1803766936900604
2025-05-28,ILI incidence,2025-05-11,-1,RO,quantile,0.95,1.430843578235598
2025-05-28,ILI incidence,2025-05-11,-1,RO,quantile,0.975,1.4600412487008816
2025-05-28,ILI incidence,2025-05-11,-1,RO,quantile,0.99,1.479142462042112
2025-05-28,ILI incidence,2025-05-18,0,RO,quantile,0.01,0.09560517840285494
2025-05-28,ILI incidence,2025-05-18,0,RO,quantile,0.025,0.1641453085227547
2025-05-28,ILI incidence,2025-05-18,0,RO,quantile,0.05,0.18863774814758044
2025-05-28,ILI incidence,2025-05-18,0,RO,quantile,0.1,0.3590294083760964
2025-05-28,ILI incidence,2025-05-18,0,RO,quantile,0.15,0.3779760820673065
2025-05-28,ILI incidence,2025-05-18,0,RO,quantile,0.2,0.4126022744672792
2025-05-28,ILI incidence,2025-05-18,0,RO,quantile,0.25,0.4740797975538581
2025-05-28,ILI incidence,2025-05-18,0,RO,quantile,0.3,0.49250305636375014
2025-05-28,ILI incidence,2025-05-18,0,RO,quantile,0.35,0.510887982625617
2025-05-28,ILI incidence,2025-05-18,0,RO,quantile,0.4,0.523751088457424
2025-05-28,ILI incidence,2025-05-18,0,RO,quantile,0.45,0.5558490757946454
2025-05-28,ILI incidence,2025-05-18,0,RO,quantile,0.5,0.5777595387969262
2025-05-28,ILI incidence,2025-05-18,0,RO,quantile,0.55,0.6322358308412674
2025-05-28,ILI incidence,2025-05-18,0,RO,quantile,0.6,0.6592125026735073
2025-05-28,ILI incidence,2025-05-18,0,RO,quantile,0.65,0.724621157923189
2025-05-28,ILI incidence,2025-05-18,0,RO,quantile,0.7,0.7689645827467505
2025-05-28,ILI incidence,2025-05-18,0,RO,quantile,0.75,0.7999697878200207
2025-05-28,ILI incidence,2025-05-18,0,RO,quantile,0.8,0.8512224431430927
2025-05-28,ILI incidence,2025-05-18,0,RO,quantile,0.85,1.0105584016936604
2025-05-28,ILI incidence,2025-05-18,0,RO,quantile,0.9,1.1974232066749215
2025-05-28,ILI incidence,2025-05-18,0,RO,quantile,0.95,1.5138037958060675
2025-05-28,ILI incidence,2025-05-18,0,RO,quantile,0.975,2.0310749925769356
2025-05-28,ILI incidence,2025-05-18,0,RO,quantile,0.99,3.1217105960065696
2025-05-28,ILI incidence,2025-05-25,1,RO,quantile,0.01,0.12105635254903493
2025-05-28,ILI incidence,2025-05-25,1,RO,quantile,0.025,0.155611362032502
2025-05-28,ILI incidence,2025-05-25,1,RO,quantile,0.05,0.1698381958943506
2025-05-28,ILI incidence,2025-05-25,1,RO,quantile,0.1,0.2027601971394568
2025-05-28,ILI incidence,2025-05-25,1,RO,quantile,0.15,0.22376171469568734
2025-05-28,ILI incidence,2025-05-25,1,RO,quantile,0.2,0.27622917478350667
2025-05-28,ILI incidence,2025-05-25,1,RO,quantile,0.25,0.30203278215269846
2025-05-28,ILI incidence,2025-05-25,1,RO,quantile,0.3,0.3226043359290271
2025-05-28,ILI incidence,2025-05-25,1,RO,quantile,0.35,0.3640509664965232
2025-05-28,ILI incidence,2025-05-25,1,RO,quantile,0.4,0.40501967469763495
2025-05-28,ILI incidence,2025-05-25,1,RO,quantile,0.45,0.4140391139999141
2025-05-28,ILI incidence,2025-05-25,1,RO,quantile,0.5,0.4594640587922248
2025-05-28,ILI incidence,2025-05-25,1,RO,quantile,0.55,0.4924550904851773
2025-05-28,ILI incidence,2025-05-25,1,RO,quantile,0.6,0.5010240487482441
2025-05-28,ILI incidence,2025-05-25,1,RO,quantile,0.65,0.5121905006495707
2025-05-28,ILI incidence,2025-05-25,1,RO,quantile,0.7,0.5402441875487889
2025-05-28,ILI incidence,2025-05-25,1,RO,quantile,0.75,0.5603747460552374
2025-05-28,ILI incidence,2025-05-25,1,RO,quantile,0.8,0.5881896478240073
2025-05-28,ILI incidence,2025-05-25,1,RO,quantile,0.85,0.6620250885077408
2025-05-28,ILI incidence,2025-05-25,1,RO,quantile,0.9,0.8732009036892813
2025-05-28,ILI incidence,2025-05-25,1,RO,quantile,0.95,0.9767450375888697
2025-05-28,ILI incidence,2025-05-25,1,RO,quantile,0.975,1.0685162431985562
2025-05-28,ILI incidence,2025-05-25,1,RO,quantile,0.99,1.426343449834116
2025-05-28,ILI incidence,2025-06-01,2,RO,quantile,0.01,0.09321064389042313
2025-05-28,ILI incidence,2025-06-01,2,RO,quantile,0.025,0.1314526407978234
2025-05-28,ILI incidence,2025-06-01,2,RO,quantile,0.05,0.161551641600469
2025-05-28,ILI incidence,2025-06-01,2,RO,quantile,0.1,0.17693902837984057
2025-05-28,ILI incidence,2025-06-01,2,RO,quantile,0.15,0.2362889709853739
2025-05-28,ILI incidence,2025-06-01,2,RO,quantile,0.2,0.26438395450835883
2025-05-28,ILI incidence,2025-06-01,2,RO,quantile,0.25,0.30064054026284115
2025-05-28,ILI incidence,2025-06-01,2,RO,quantile,0.3,0.3294490041724939
2025-05-28,ILI incidence,2025-06-01,2,RO,quantile,0.35,0.34684553598992457
2025-05-28,ILI incidence,2025-06-01,2,RO,quantile,0.4,0.36385631192729107
2025-05-28,ILI incidence,2025-06-01,2,RO,quantile,0.45,0.38287211324085607
2025-05-28,ILI incidence,2025-06-01,2,RO,quantile,0.5,0.3952838947468121
2025-05-28,ILI incidence,2025-06-01,2,RO,quantile,0.55,0.41013632280589285
2025-05-28,ILI incidence,2025-06-01,2,RO,quantile,0.6,0.4180887691838196
2025-05-28,ILI incidence,2025-06-01,2,RO,quantile,0.65,0.46185952226132265
2025-05-28,ILI incidence,2025-06-01,2,RO,quantile,0.7,0.49631368635233053
2025-05-28,ILI incidence,2025-06-01,2,RO,quantile,0.75,0.5322992966610315
2025-05-28,ILI incidence,2025-06-01,2,RO,quantile,0.8,0.5839551201991575
2025-05-28,ILI incidence,2025-06-01,2,RO,quantile,0.85,0.6645181313979002
2025-05-28,ILI incidence,2025-06-01,2,RO,quantile,0.9,0.8326469005173657
2025-05-28,ILI incidence,2025-06-01,2,RO,quantile,0.95,1.221849873669077
2025-05-28,ILI incidence,2025-06-01,2,RO,quantile,0.975,1.6065086712668275
2025-05-28,ILI incidence,2025-06-01,2,RO,quantile,0.99,1.911900754172899
2025-05-28,ILI incidence,2025-05-11,-1,SI,quantile,0.01,0.03999869762091106
2025-05-28,ILI incidence,2025-05-11,-1,SI,quantile,0.025,0.05903816289648125
2025-05-28,ILI incidence,2025-05-11,-1,SI,quantile,0.05,0.10660306891569922
2025-05-28,ILI incidence,2025-05-11,-1,SI,quantile,0.1,0.2313550495930904
2025-05-28,ILI incidence,2025-05-11,-1,SI,quantile,0.15,0.32989792301129445
2025-05-28,ILI incidence,2025-05-11,-1,SI,quantile,0.2,0.34071950300216847
2025-05-28,ILI incidence,2025-05-11,-1,SI,quantile,0.25,0.3564842180726412
2025-05-28,ILI incidence,2025-05-11,-1,SI,quantile,0.3,0.4054326393116655
2025-05-28,ILI incidence,2025-05-11,-1,SI,quantile,0.35,1.1185722239139813
2025-05-28,ILI incidence,2025-05-11,-1,SI,quantile,0.4,2.7273208215790996
2025-05-28,ILI incidence,2025-05-11,-1,SI,quantile,0.45,4.138807530622898
2025-05-28,ILI incidence,2025-05-11,-1,SI,quantile,0.5,4.475055776522034
2025-05-28,ILI incidence,2025-05-11,-1,SI,quantile,0.55,6.696299431617399
2025-05-28,ILI incidence,2025-05-11,-1,SI,quantile,0.6,7.022578577768039
2025-05-28,ILI incidence,2025-05-11,-1,SI,quantile,0.65,7.415365201707431
2025-05-28,ILI incidence,2025-05-11,-1,SI,quantile,0.7,8.207278322640672
2025-05-28,ILI incidence,2025-05-11,-1,SI,quantile,0.75,9.738009032483593
2025-05-28,ILI incidence,2025-05-11,-1,SI,quantile,0.8,11.057623347166777
2025-05-28,ILI incidence,2025-05-11,-1,SI,quantile,0.85,12.941932004930877
2025-05-28,ILI incidence,2025-05-11,-1,SI,quantile,0.9,18.220691122725622
2025-05-28,ILI incidence,2025-05-11,-1,SI,quantile,0.95,22.5449665686441
2025-05-28,ILI incidence,2025-05-11,-1,SI,quantile,0.975,23.840375597741318
2025-05-28,ILI incidence,2025-05-11,-1,SI,quantile,0.99,29.289919451640362
2025-05-28,ILI incidence,2025-05-18,0,SI,quantile,0.01,0.050379951637543434
2025-05-28,ILI incidence,2025-05-18,0,SI,quantile,0.025,0.09664511871218227
2025-05-28,ILI incidence,2025-05-18,0,SI,quantile,0.05,0.12226487728245514
2025-05-28,ILI incidence,2025-05-18,0,SI,quantile,0.1,0.165462530342891
2025-05-28,ILI incidence,2025-05-18,0,SI,quantile,0.15,0.19221220638752518
2025-05-28,ILI incidence,2025-05-18,0,SI,quantile,0.2,0.21821961887521835
2025-05-28,ILI incidence,2025-05-18,0,SI,quantile,0.25,0.28024528495267653
2025-05-28,ILI incidence,2025-05-18,0,SI,quantile,0.3,0.3883798819868732
2025-05-28,ILI incidence,2025-05-18,0,SI,quantile,0.35,0.4228613511788603
2025-05-28,ILI incidence,2025-05-18,0,SI,quantile,0.4,0.8546456138862067
2025-05-28,ILI incidence,2025-05-18,0,SI,quantile,0.45,1.3728393823731613
2025-05-28,ILI incidence,2025-05-18,0,SI,quantile,0.5,2.217646453908454
2025-05-28,ILI incidence,2025-05-18,0,SI,quantile,0.55,2.8007904953955993
2025-05-28,ILI incidence,2025-05-18,0,SI,quantile,0.6,4.123535635648868
2025-05-28,ILI incidence,2025-05-18,0,SI,quantile,0.65,4.821085141905806
2025-05-28,ILI incidence,2025-05-18,0,SI,quantile,0.7,5.4985217068959304
2025-05-28,ILI incidence,2025-05-18,0,SI,quantile,0.75,6.975675817500508
2025-05-28,ILI incidence,2025-05-18,0,SI,quantile,0.8,7.174990731040057
2025-05-28,ILI incidence,2025-05-18,0,SI,quantile,0.85,8.77556352627745
2025-05-28,ILI incidence,2025-05-18,0,SI,quantile,0.9,11.973794769825826
2025-05-28,ILI incidence,2025-05-18,0,SI,quantile,0.95,15.761349399922553
2025-05-28,ILI incidence,2025-05-18,0,SI,quantile,0.975,17.087615287317544
2025-05-28,ILI incidence,2025-05-18,0,SI,quantile,0.99,22.343937761605503
2025-05-28,ILI incidence,2025-05-25,1,SI,quantile,0.01,0.031523927179480556
2025-05-28,ILI incidence,2025-05-25,1,SI,quantile,0.025,0.06452561414577046
2025-05-28,ILI incidence,2025-05-25,1,SI,quantile,0.05,0.14444180832087652
2025-05-28,ILI incidence,2025-05-25,1,SI,quantile,0.1,0.1920987610042002
2025-05-28,ILI incidence,2025-05-25,1,SI,quantile,0.15,0.23941097925031896
2025-05-28,ILI incidence,2025-05-25,1,SI,quantile,0.2,0.2921242052775866
2025-05-28,ILI incidence,2025-05-25,1,SI,quantile,0.25,0.37054400833612255
2025-05-28,ILI incidence,2025-05-25,1,SI,quantile,0.3,0.4007370701109974
2025-05-28,ILI incidence,2025-05-25,1,SI,quantile,0.35,0.4180689496913881
2025-05-28,ILI incidence,2025-05-25,1,SI,quantile,0.4,0.54517209473079
2025-05-28,ILI incidence,2025-05-25,1,SI,quantile,0.45,1.2662068377334224
2025-05-28,ILI incidence,2025-05-25,1,SI,quantile,0.5,1.5910662226287715
2025-05-28,ILI incidence,2025-05-25,1,SI,quantile,0.55,2.130481278787885
2025-05-28,ILI incidence,2025-05-25,1,SI,quantile,0.6,2.4074257674330446
2025-05-28,ILI incidence,2025-05-25,1,SI,quantile,0.65,2.6011797025102505
2025-05-28,ILI incidence,2025-05-25,1,SI,quantile,0.7,3.678617458865105
2025-05-28,ILI incidence,2025-05-25,1,SI,quantile,0.75,4.4468453728256785
2025-05-28,ILI incidence,2025-05-25,1,SI,quantile,0.8,5.0168194948297575
2025-05-28,ILI incidence,2025-05-25,1,SI,quantile,0.85,5.987263521619177
2025-05-28,ILI incidence,2025-05-25,1,SI,quantile,0.9,7.303238037339888
2025-05-28,ILI incidence,2025-05-25,1,SI,quantile,0.95,11.057482739973763
2025-05-28,ILI incidence,2025-05-25,1,SI,quantile,0.975,12.395565500584645
2025-05-28,ILI incidence,2025-05-25,1,SI,quantile,0.99,18.324567528626872
2025-05-28,ILI incidence,2025-06-01,2,SI,quantile,0.01,0.03923907158401563
2025-05-28,ILI incidence,2025-06-01,2,SI,quantile,0.025,0.04810258915760907
2025-05-28,ILI incidence,2025-06-01,2,SI,quantile,0.05,0.1055857555259905
2025-05-28,ILI incidence,2025-06-01,2,SI,quantile,0.1,0.1986004253521204
2025-05-28,ILI incidence,2025-06-01,2,SI,quantile,0.15,0.2538541834818844
2025-05-28,ILI incidence,2025-06-01,2,SI,quantile,0.2,0.3238292471400264
2025-05-28,ILI incidence,2025-06-01,2,SI,quantile,0.25,0.347611599695907
2025-05-28,ILI incidence,2025-06-01,2,SI,quantile,0.3,0.39009763422052113
2025-05-28,ILI incidence,2025-06-01,2,SI,quantile,0.35,0.42170518039802435
2025-05-28,ILI incidence,2025-06-01,2,SI,quantile,0.4,0.45925649122984163
2025-05-28,ILI incidence,2025-06-01,2,SI,quantile,0.45,0.5238064603520061
2025-05-28,ILI incidence,2025-06-01,2,SI,quantile,0.5,1.3491450438633892
2025-05-28,ILI incidence,2025-06-01,2,SI,quantile,0.55,1.6816395671952438
2025-05-28,ILI incidence,2025-06-01,2,SI,quantile,0.6,1.831231468375492
2025-05-28,ILI incidence,2025-06-01,2,SI,quantile,0.65,2.190924418193781
2025-05-28,ILI incidence,2025-06-01,2,SI,quantile,0.7,2.6997896468495175
2025-05-28,ILI incidence,2025-06-01,2,SI,quantile,0.75,2.9189067182959105
2025-05-28,ILI incidence,2025-06-01,2,SI,quantile,0.8,3.2702838051261427
2025-05-28,ILI incidence,2025-06-01,2,SI,quantile,0.85,3.875156662381876
2025-05-28,ILI incidence,2025-06-01,2,SI,quantile,0.9,5.296884078993724
2025-05-28,ILI incidence,2025-06-01,2,SI,quantile,0.95,7.4695560933528995
2025-05-28,ILI incidence,2025-06-01,2,SI,quantile,0.975,7.902539845570357
2025-05-28,ILI incidence,2025-06-01,2,SI,quantile,0.99,13.729295394787325
